From;To;Type;Through;Data;Comment

#
# European River Crossings (-2)
#
415;416;sea;;0;The Seine River
2570;416;sea;;0;The Seine River
2570;425;sea;;0;The Seine River
403;425;sea;;0;The Seine River
403;427;sea;;0;The Seine River
429;427;sea;;0;The Seine River
406;408;sea;;0;The Seine River

#
# American Straits
#
13;14;sea;3011;0;Vancouver Crossing
14;78;sea;3011;0;Vancouver Crossing
62;75;sea;2946;0;Straits of Belle Isle
68;70;sea;2944;0;Cabot Strait
2237;2269;sea;2975;0;Strait of Trinidad
2334;2335;sea;2992;0;Strait of Magellan
2399;2400;sea;2992;0;Strait of Magellan
77;74;sea;2944;0;Cabot Strait
72;73;sea;2944;0;Nova Scotia to Cape Breton
2212;2215;sea;2969;0;Cuba-Haiti Strait
2214;2222;sea;2974;0;Puerto Rico-Haiti Strait
2237;2238;sea;2975;0;Trinidad-Tobago Strait
2233;2409;sea;2975;0;Grenada-St. Vincent Strait
2229;2409;sea;2975;0;Barbados-St. Vincent Strait
2231;2409;sea;2975;0;St. Lucia-St. Vincent Strait
2231;2228;sea;2976;0;St. Lucia-Martinique Strait #- STOP IT UK
2232;2228;sea;2976;0;Dominica-Martinique Strait #- STOP IT UK
2232;2230;sea;2976;0;Dominica-Guadeloupe Strait #- STOP IT UK
2225;2230;sea;2976;0;Montserrat-Guadeloupe Strait #- STOP IT UK
2225;2224;sea;2976;0;Montserrat-Antigua Strait
2225;2227;sea;2976;0;Montserrat-St. Kitts Strait
2236;3246;sea;2976;0;St. Martin-St. Barths Strait
2236;2227;sea;2976;0;Philipsburg-St Kits
2227;3246;sea;2976;0;St. Kitts-St. Barths Strait
2223;2226;sea;2976;0;St. Thomas-Tortola Strait
2226;2222;sea;2976;0;Puerto Rico-Tortola Strait
2226;45;sea;2976;0;Tortola-Marigot
2219;2220;sea;2977;0;Bahamas-Turks & Caicos Strait
2204;2206;sea;3001;0;Panama strait
5;4;sea;3134;0;Aleutian Island-Dutch Harbor Strait

#
# African Straits
#
2036;2048;sea;2901;0;Zanzibar Strait
2123;2124;sea;2902;0;Comoros-Mayotte
1772;1756;sea;2781;0;Suez strait

#
# European Straits
#
254;271;sea;2737;0;Irish Strait
324;348;sea;2706;0;Aland Strait #Uppsala to Aland #these were in V1
334;372;sea;2711;0;Öresund
335;374;sea;2710;0;Bornholmsfärjan
348;345;sea;2706;0;Aland Strait #Aland to Turku 
353;349;sea;2709;0;Öselsund
353;358;sea;2709;0;Strait of Riga
372;373;sea;2711;0;Fyn-Sjaelland
371;373;sea;2711;0;Fyn-Jylland
2557;373;sea;2711;0;Fyn-Esbjerg
375;385;sea;2722;0;Bay of Holland
473;766;sea;2751;0;Sassari Strait
826;824;sea;2764;0;Corfu Strait
826;853;sea;2764;0;Corfu Strait
838;845;sea;2772;0;Cyclades Strait
838;834;sea;2772;0;Athens - Khakhis Strait
843;869;sea;2772;0;Izmir Strait
859;865;sea;2773;0;Dardanelles Strait
860;861;land;2773;0;Golden Horn
759;763;sea;2760;0;Strait of Messina
759;763;sea;2757;0;Strait of Messina
837;827;sea;2765;0;Ionian Islands Strait
966;1049;sea;2776;0;Strait of Azov
512;1686;sea;2746;0;Strait of Gibraltar - Cadiz to Tangiers
331;332;sea;2710;0;Gotland Strait
374;335;sea;2710;0;Bornholm Strait
846;872;sea;2771;0;Dodecanese Strait
844;865;sea;2772;0;Myteline Strait
271;304;sea;2737;0;Irish Strait
254;304;sea;2737;0;Irish Strait
267;1724;sea;2735;0;Inverness - Orkney Strait
780;782;land;2762;0;Mostar Bay
301;401;sea;2724;0;Straits of Dover
274;265;sea;2738;0;Ireland Strait Cause AI is dumb

#
# Asian Straits
#

1632;2589;sea;2829;0;Pusan - Tshushima Strait
1661;2589;sea;2829;0;Nagasaki - Tshushima Strait
1540;1538;sea;2826;0;Nantong - Shanghai through the Yantze River
1540;1539;sea;2826;0;Nantong - Suzhou through the Yantze River
1541;1539;sea;2826;0;Tongzhou - Suzhou through the Yantze River
1452;1454;sea;2856;0;Biak - Merah Strait
2406;2562;sea;2825;0;Penghu - Taiwan Strait
2406;1484;sea;2825;0;Quangzhou - Taiwan Strait
1662;1679;sea;2845;0;Ryukyu Islands Strait
2562;1678;sea;2846;0;Okinawa Islands Strait
1071;1142;sea;2787;0;Bandar abbhas - Homuz Strait
1071;1141;sea;2787;0;Lengeh - Homuz Strait
1083;1086;sea;2832;0;Tatar Straits
1087;1643;sea;2831;0;La Perouse Strait
1162;1165;sea;2788;0;Bahrain Strait
1309;1322;sea;2794;0;Palk Strait #Ceylon-S India
1310;1322;sea;2794;0;Palk Strait #Ceylon-S India
1384;1402;sea;2814;0;Straits of Johore
1384;1385;sea;2814;0;Straits of Johore to Singapore
1403;1413;land;2805;0;Sunda Strait
#1412;1851;sea;2782;0;Aden Strait
1412;1875;sea;2782;0;Aden Strait
1418;1421;sea;2811;0;Strait of Madura
1420;1438;sea;2811;0;Bali Strait
1438;1442;sea;2811;0;Lombok Strait
1442;1440;sea;2811;0;Sumbawa Strait
1495;1499;sea;2823;0;Hainan Strait
1457;1461;sea;2849;0;Tacloban Strait
1640;1660;land;2843;0;Fukuoka Strait
1642;1672;sea;0;0;Hakodate Strait
1664;1666;land;2843;0;Matsuyama Strait
1638;1666;land;2843;0;Matsuyama Strait 2
1667;1659;land;2843;0;Setto Strait
1411;1408;sea;2803;0;Gunungsitoli Strait
1404;1399;land;2813;0;Palak Panang Strait
1402;1398;sea;2814;0;Tanjungpinang Strait
1458;1455;land;2848;0;Mindoro Strait
1458;1459;sea;2848;0;Mindoro Strait
1458;1460;land;2850;0;Mindoro Strait
2565;1461;land;2850;0;Cebu Strait
2565;1460;land;2850;0;Cebu Strait
1461;1463;land;2850;0;Davao Strait
1462;1460;land;2850;0;Iloilo Strait
1462;1464;sea;2851;0;Sulu Strait
1440;1439;sea;2810;0;Sumbawa-Flores Strait
1440;1441;sea;2808;0;Sumbawa-Sumba Strait
1441;1443;sea;2809;0;Sumba-Roti Strait
1443;1445;sea;2809;0;Roti-Kaupeng Strait
1439;1444;sea;2809;0;Flores-Alor Strait
1444;1446;sea;2809;0;Alor-Dili Strait
1444;1451;sea;2854;0;Alor-Aru Strait
1446;1451;sea;2854;0;Dili-Aru Strait
1450;1449;sea;2853;0;Ceram-Ambon Strait
1449;1447;sea;2852;0;Ambon Strait
1447;1448;sea;2853;0;Ternate-Jilolo Strait
1451;1453;sea;2862;0;Aru-Sorong Strait
1450;1453;sea;2853;0;Ceram-Sorong Strait
1447;1434;sea;2852;0;Ternate Strait
1437;1436;sea;2810;0;Bulon-Kendari Strait
1435;1425;sea;2812;0;Palu-Tarakan Strait
1644;1089;sea;2839;0;Nemuru-Etorofu Strait
1089;1088;sea;2839;0;Etorofu-Shumshu Strait
1088;1074;sea;2838;0;Shumshu-Petropavlovsk Strait
1679;1678;sea;2845;0;Amari-Okinawa Strait
1637;1635;sea;2829;0;Cheju-Kwangju Strait
2664;1071;sea;2787;0;Hormuz Strait
#
# Oceanian Straits
#
2512;2516;sea;2876;0;Cook Strait #NZ
2512;2516;sea;2881;0;Cook Strait #NZ
2537;1531;sea;2858;0;Villan Strait #New Britain-New Ireland

#
# Impassables
#
1326;1589;impassable;0;0;scary mountain
1326;1592;impassable;0;0;scary mountain
1328;1589;impassable;0;0;scary mountain
1329;1589;impassable;0;0;scary mountain
1329;1590;impassable;0;0;scary mountain
1329;1590;impassable;0;0;scary mountain
1329;1593;impassable;0;0;scary mountain
1258;1593;impassable;0;0;scary mountain
1260;1593;impassable;0;0;scary mountain
1259;1593;impassable;0;0;scary mountain
1238;1592;impassable;0;0;scary mountain
1244;1592;impassable;0;0;scary mountain
1235;1592;impassable;0;0;scary mountain
1226;1592;impassable;0;0;scary mountain
1327;1592;impassable;0;0;scary mountain
1328;1592;impassable;0;0;scary mountain
1225;1594;impassable;0;0;scary mountain
1226;1594;impassable;0;0;scary mountain
1210;1594;impassable;0;0;scary mountain
1208;1594;impassable;0;0;scary mountain
1226;1598;impassable;0;0;scary mountain
1226;1591;impassable;0;0;scary mountain

#Alps

#727;735;impassable;0;0;Bergamo-Bozen
#727;734;impassable;0;0;Bergamo-Trent
#732;735;impassable;0;0;Treviso-Bozen
#732;615;impassable;0;0;Treviso-Lienz
#732;618;impassable;0;0;Treviso-Klagenfurth
#733;618;impassable;0;0;Udine-Klagenfurt
2669;735;impassable;0;0;Sondrio-Bozen
2669;734;impassable;0;0;Sondrio-Trent
2669;611;impassable;0;0;Sondrio-Chur
2669;2568;impassable;0;0;Sondrio-Lugano
3262;734;impassable;0;0;Belluno-Trent
3262;735;impassable;0;0;Belluno-Bozen
3262;615;impassable;0;0;Belluno-Lienz
3262;618;impassable;0;0;Belluno-Klagenfurt
#727;611;impassable;0;0;Bergamo-Chur
#727;2568;impassable;0;0;Bergamo-Lugano
722;605;impassable;0;0;Novara-Bern
2568;722;impassable;0;0;Lugano-Novara
609;722;impassable;0;0;Sitten-Novara
606;722;impassable;0;0;Lucerne-Novara

#Alaskan Panhandle

2;6;impassable;0;0;
2;17;impassable;0;0;
1;15;impassable;0;0;
1;16;impassable;0;0;
1;17;impassable;0;0;

#Siberia

2687;2682;impassable;0;0;Northern urals
2689;2682;impassable;0;0;Northern urals
2689;1062;impassable;0;0;Northern urals
1026;1062;impassable;0;0;Northern urals
2659;2657;impassable;0;0;Yamal-Yenisei
2659;2692;impassable;0;0;Yamal-Yenisei
2615;2692;impassable;0;0;Yamal-Yenisei
2646;2692;impassable;0;0;Yamal-Yenisei
2654;2653;impassable;0;0;Yenisei-Yakut
2654;2673;impassable;0;0;Yenisei-Yakut
2693;2673;impassable;0;0;Yenisei-Yakut
2655;2673;impassable;0;0;Yenisei-Yakut
2655;2651;impassable;0;0;Yenisei-Yakut
2675;2651;impassable;0;0;Yenisei-Yakut

#Small and Large Caucasus

1104;1103;impassable;0;0;Sheki-Siyazen
1104;1052;impassable;0;0;Sheki-Derbent
1091;1053;impassable;0;0;Pasanauri-Gunib
1091;3296;impassable;0;0;Pasanauri-Shela
1092;1054;impassable;0;0;Kutaisi-Vladikavkaz
1092;1056;impassable;0;0;Kutaisi-Pyatigorsk
1095;1051;impassable;0;0;Sukhum-Adyghe
3274;1051;impassable;0;0;Svaneti-Adyghe
3274;1056;impassable;0;0;Svaneti-Pyatigorsk
1090;1099;impassable;0;0;Tblisi-Gyumri
1105;1099;impassable;0;0;Ganja-Gyumri
1106;1100;impassable;0;0;Agdam-Kapan

#Zagros and Albruz

1112;1113;impassable;0;0;Ardabil-Rasht
1124;1114;impassable;0;0;Qazvin-Nushahr
1121;1114;impassable;0;0;Tehran-Nushahr
1121;1115;impassable;0;0;Tehran-Sari
1126;1115;impassable;0;0;Semnan-Sari
890;1110;impassable;0;0;Van-Urumiya
924;1110;impassable;0;0;Rewanduz-Urumiya
924;3289;impassable;0;0;Rewanduz-Saqqiz
925;1118;impassable;0;0;Baban-Sanandaj
925;3289;impassable;0;0;Baban-Saqqiz
1119;1120;impassable;0;0;Ilam-Khoramabad
1131;1134;impassable;0;0;Ahvaz-Dehkord
1133;1128;impassable;0;0;Dezful-Arak
1133;1127;impassable;0;0;Dezful-Isfahan
1133;1134;impassable;0;0;Dezful-Dehkord

#
# The canals
#
2710;2721;canal;369;1;Kiel Canal
2781;2769;canal;1755;2;Suez Canal
2968;3001;canal;1723;3;Panama Canal
2773;2774;canal;860;4;Bosphorus Strait
2772;2773;canal;859;5;Dardanelles Strait
2711;2710;canal;372;6;Copenhagen Strait
2711;2712;canal;372;7;Copenhagen Strait
#2724;2723;canal;301;6;English Channel

#World Bank Neighbouring Provinces

1;3234;impassable;0;0;
2;3234;impassable;0;0;
3;3234;impassable;0;0;
4;3234;impassable;0;0;
5;3234;impassable;0;0;
6;3234;impassable;0;0;
7;3234;impassable;0;0;
8;3234;impassable;0;0;
9;3234;impassable;0;0;
10;3234;impassable;0;0;
11;3234;impassable;0;0;
12;3234;impassable;0;0;
13;3234;impassable;0;0;
14;3234;impassable;0;0;
15;3234;impassable;0;0;
16;3234;impassable;0;0;
17;3234;impassable;0;0;
18;3234;impassable;0;0;
19;3234;impassable;0;0;
20;3234;impassable;0;0;
21;3234;impassable;0;0;
22;3234;impassable;0;0;
23;3234;impassable;0;0;
24;3234;impassable;0;0;
25;3234;impassable;0;0;
26;3234;impassable;0;0;
27;3234;impassable;0;0;
28;3234;impassable;0;0;
29;3234;impassable;0;0;
30;3234;impassable;0;0;
31;3234;impassable;0;0;
32;3234;impassable;0;0;
33;3234;impassable;0;0;
34;3234;impassable;0;0;
35;3234;impassable;0;0;
36;3234;impassable;0;0;
37;3234;impassable;0;0;
38;3234;impassable;0;0;
39;3234;impassable;0;0;
40;3234;impassable;0;0;
41;3234;impassable;0;0;
42;3234;impassable;0;0;
43;3234;impassable;0;0;
44;3234;impassable;0;0;
45;3234;impassable;0;0;
46;3234;impassable;0;0;
47;3234;impassable;0;0;
48;3234;impassable;0;0;
49;3234;impassable;0;0;
50;3234;impassable;0;0;
51;3234;impassable;0;0;
52;3234;impassable;0;0;
53;3234;impassable;0;0;
54;3234;impassable;0;0;
55;3234;impassable;0;0;
56;3234;impassable;0;0;
57;3234;impassable;0;0;
58;3234;impassable;0;0;
59;3234;impassable;0;0;
60;3234;impassable;0;0;
61;3234;impassable;0;0;
62;3234;impassable;0;0;
63;3234;impassable;0;0;
64;3234;impassable;0;0;
65;3234;impassable;0;0;
66;3234;impassable;0;0;
67;3234;impassable;0;0;
68;3234;impassable;0;0;
69;3234;impassable;0;0;
70;3234;impassable;0;0;
71;3234;impassable;0;0;
72;3234;impassable;0;0;
73;3234;impassable;0;0;
74;3234;impassable;0;0;
75;3234;impassable;0;0;
76;3234;impassable;0;0;
77;3234;impassable;0;0;
78;3234;impassable;0;0;
79;3234;impassable;0;0;
80;3234;impassable;0;0;
81;3234;impassable;0;0;
82;3234;impassable;0;0;
83;3234;impassable;0;0;
84;3234;impassable;0;0;
85;3234;impassable;0;0;
86;3234;impassable;0;0;
87;3234;impassable;0;0;
88;3234;impassable;0;0;
89;3234;impassable;0;0;
90;3234;impassable;0;0;
91;3234;impassable;0;0;
92;3234;impassable;0;0;
93;3234;impassable;0;0;
94;3234;impassable;0;0;
95;3234;impassable;0;0;
96;3234;impassable;0;0;
97;3234;impassable;0;0;
98;3234;impassable;0;0;
99;3234;impassable;0;0;
100;3234;impassable;0;0;
101;3234;impassable;0;0;
102;3234;impassable;0;0;
103;3234;impassable;0;0;
104;3234;impassable;0;0;
105;3234;impassable;0;0;
106;3234;impassable;0;0;
107;3234;impassable;0;0;
108;3234;impassable;0;0;
109;3234;impassable;0;0;
110;3234;impassable;0;0;
111;3234;impassable;0;0;
112;3234;impassable;0;0;
113;3234;impassable;0;0;
114;3234;impassable;0;0;
115;3234;impassable;0;0;
116;3234;impassable;0;0;
117;3234;impassable;0;0;
118;3234;impassable;0;0;
119;3234;impassable;0;0;
120;3234;impassable;0;0;
121;3234;impassable;0;0;
122;3234;impassable;0;0;
123;3234;impassable;0;0;
124;3234;impassable;0;0;
125;3234;impassable;0;0;
126;3234;impassable;0;0;
127;3234;impassable;0;0;
128;3234;impassable;0;0;
129;3234;impassable;0;0;
130;3234;impassable;0;0;
131;3234;impassable;0;0;
132;3234;impassable;0;0;
133;3234;impassable;0;0;
134;3234;impassable;0;0;
135;3234;impassable;0;0;
136;3234;impassable;0;0;
137;3234;impassable;0;0;
138;3234;impassable;0;0;
139;3234;impassable;0;0;
140;3234;impassable;0;0;
141;3234;impassable;0;0;
142;3234;impassable;0;0;
143;3234;impassable;0;0;
144;3234;impassable;0;0;
145;3234;impassable;0;0;
146;3234;impassable;0;0;
147;3234;impassable;0;0;
148;3234;impassable;0;0;
149;3234;impassable;0;0;
150;3234;impassable;0;0;
151;3234;impassable;0;0;
152;3234;impassable;0;0;
153;3234;impassable;0;0;
154;3234;impassable;0;0;
155;3234;impassable;0;0;
156;3234;impassable;0;0;
157;3234;impassable;0;0;
158;3234;impassable;0;0;
159;3234;impassable;0;0;
160;3234;impassable;0;0;
161;3234;impassable;0;0;
162;3234;impassable;0;0;
163;3234;impassable;0;0;
164;3234;impassable;0;0;
165;3234;impassable;0;0;
166;3234;impassable;0;0;
167;3234;impassable;0;0;
168;3234;impassable;0;0;
169;3234;impassable;0;0;
170;3234;impassable;0;0;
171;3234;impassable;0;0;
172;3234;impassable;0;0;
173;3234;impassable;0;0;
174;3234;impassable;0;0;
175;3234;impassable;0;0;
176;3234;impassable;0;0;
177;3234;impassable;0;0;
178;3234;impassable;0;0;
179;3234;impassable;0;0;
180;3234;impassable;0;0;
181;3234;impassable;0;0;
182;3234;impassable;0;0;
183;3234;impassable;0;0;
184;3234;impassable;0;0;
185;3234;impassable;0;0;
186;3234;impassable;0;0;
187;3234;impassable;0;0;
188;3234;impassable;0;0;
189;3234;impassable;0;0;
190;3234;impassable;0;0;
191;3234;impassable;0;0;
192;3234;impassable;0;0;
193;3234;impassable;0;0;
194;3234;impassable;0;0;
195;3234;impassable;0;0;
196;3234;impassable;0;0;
197;3234;impassable;0;0;
198;3234;impassable;0;0;
199;3234;impassable;0;0;
200;3234;impassable;0;0;
201;3234;impassable;0;0;
202;3234;impassable;0;0;
203;3234;impassable;0;0;
204;3234;impassable;0;0;
205;3234;impassable;0;0;
206;3234;impassable;0;0;
207;3234;impassable;0;0;
208;3234;impassable;0;0;
209;3234;impassable;0;0;
210;3234;impassable;0;0;
211;3234;impassable;0;0;
212;3234;impassable;0;0;
213;3234;impassable;0;0;
214;3234;impassable;0;0;
215;3234;impassable;0;0;
216;3234;impassable;0;0;
217;3234;impassable;0;0;
218;3234;impassable;0;0;
219;3234;impassable;0;0;
220;3234;impassable;0;0;
221;3234;impassable;0;0;
222;3234;impassable;0;0;
223;3234;impassable;0;0;
224;3234;impassable;0;0;
225;3234;impassable;0;0;
226;3234;impassable;0;0;
227;3234;impassable;0;0;
228;3234;impassable;0;0;
229;3234;impassable;0;0;
230;3234;impassable;0;0;
231;3234;impassable;0;0;
232;3234;impassable;0;0;
233;3234;impassable;0;0;
234;3234;impassable;0;0;
235;3234;impassable;0;0;
236;3234;impassable;0;0;
237;3234;impassable;0;0;
238;3234;impassable;0;0;
239;3234;impassable;0;0;
240;3234;impassable;0;0;
241;3234;impassable;0;0;
242;3234;impassable;0;0;
243;3234;impassable;0;0;
244;3234;impassable;0;0;
245;3234;impassable;0;0;
246;3234;impassable;0;0;
247;3234;impassable;0;0;
248;3234;impassable;0;0;
249;3234;impassable;0;0;
250;3234;impassable;0;0;
251;3234;impassable;0;0;
252;3234;impassable;0;0;
253;3234;impassable;0;0;
254;3234;impassable;0;0;
255;3234;impassable;0;0;
256;3234;impassable;0;0;
257;3234;impassable;0;0;
258;3234;impassable;0;0;
259;3234;impassable;0;0;
260;3234;impassable;0;0;
261;3234;impassable;0;0;
262;3234;impassable;0;0;
263;3234;impassable;0;0;
264;3234;impassable;0;0;
265;3234;impassable;0;0;
266;3234;impassable;0;0;
267;3234;impassable;0;0;
268;3234;impassable;0;0;
269;3234;impassable;0;0;
270;3234;impassable;0;0;
271;3234;impassable;0;0;
272;3234;impassable;0;0;
273;3234;impassable;0;0;
274;3234;impassable;0;0;
275;3234;impassable;0;0;
276;3234;impassable;0;0;
277;3234;impassable;0;0;
278;3234;impassable;0;0;
279;3234;impassable;0;0;
280;3234;impassable;0;0;
281;3234;impassable;0;0;
282;3234;impassable;0;0;
283;3234;impassable;0;0;
284;3234;impassable;0;0;
285;3234;impassable;0;0;
286;3234;impassable;0;0;
287;3234;impassable;0;0;
288;3234;impassable;0;0;
289;3234;impassable;0;0;
290;3234;impassable;0;0;
291;3234;impassable;0;0;
292;3234;impassable;0;0;
293;3234;impassable;0;0;
294;3234;impassable;0;0;
295;3234;impassable;0;0;
296;3234;impassable;0;0;
297;3234;impassable;0;0;
298;3234;impassable;0;0;
299;3234;impassable;0;0;
300;3234;impassable;0;0;
301;3234;impassable;0;0;
302;3234;impassable;0;0;
303;3234;impassable;0;0;
304;3234;impassable;0;0;
305;3234;impassable;0;0;
306;3234;impassable;0;0;
307;3234;impassable;0;0;
308;3234;impassable;0;0;
309;3234;impassable;0;0;
310;3234;impassable;0;0;
311;3234;impassable;0;0;
312;3234;impassable;0;0;
313;3234;impassable;0;0;
314;3234;impassable;0;0;
315;3234;impassable;0;0;
316;3234;impassable;0;0;
317;3234;impassable;0;0;
318;3234;impassable;0;0;
319;3234;impassable;0;0;
320;3234;impassable;0;0;
321;3234;impassable;0;0;
322;3234;impassable;0;0;
323;3234;impassable;0;0;
324;3234;impassable;0;0;
325;3234;impassable;0;0;
326;3234;impassable;0;0;
327;3234;impassable;0;0;
328;3234;impassable;0;0;
329;3234;impassable;0;0;
330;3234;impassable;0;0;
331;3234;impassable;0;0;
332;3234;impassable;0;0;
333;3234;impassable;0;0;
334;3234;impassable;0;0;
335;3234;impassable;0;0;
336;3234;impassable;0;0;
337;3234;impassable;0;0;
338;3234;impassable;0;0;
339;3234;impassable;0;0;
340;3234;impassable;0;0;
341;3234;impassable;0;0;
342;3234;impassable;0;0;
343;3234;impassable;0;0;
344;3234;impassable;0;0;
345;3234;impassable;0;0;
346;3234;impassable;0;0;
347;3234;impassable;0;0;
348;3234;impassable;0;0;
349;3234;impassable;0;0;
350;3234;impassable;0;0;
351;3234;impassable;0;0;
352;3234;impassable;0;0;
353;3234;impassable;0;0;
354;3234;impassable;0;0;
355;3234;impassable;0;0;
356;3234;impassable;0;0;
357;3234;impassable;0;0;
358;3234;impassable;0;0;
359;3234;impassable;0;0;
360;3234;impassable;0;0;
361;3234;impassable;0;0;
362;3234;impassable;0;0;
363;3234;impassable;0;0;
364;3234;impassable;0;0;
365;3234;impassable;0;0;
366;3234;impassable;0;0;
367;3234;impassable;0;0;
368;3234;impassable;0;0;
369;3234;impassable;0;0;
370;3234;impassable;0;0;
371;3234;impassable;0;0;
372;3234;impassable;0;0;
373;3234;impassable;0;0;
374;3234;impassable;0;0;
375;3234;impassable;0;0;
376;3234;impassable;0;0;
377;3234;impassable;0;0;
378;3234;impassable;0;0;
379;3234;impassable;0;0;
380;3234;impassable;0;0;
381;3234;impassable;0;0;
382;3234;impassable;0;0;
383;3234;impassable;0;0;
384;3234;impassable;0;0;
385;3234;impassable;0;0;
386;3234;impassable;0;0;
387;3234;impassable;0;0;
388;3234;impassable;0;0;
389;3234;impassable;0;0;
390;3234;impassable;0;0;
391;3234;impassable;0;0;
392;3234;impassable;0;0;
393;3234;impassable;0;0;
394;3234;impassable;0;0;
395;3234;impassable;0;0;
396;3234;impassable;0;0;
397;3234;impassable;0;0;
398;3234;impassable;0;0;
399;3234;impassable;0;0;
400;3234;impassable;0;0;
401;3234;impassable;0;0;
402;3234;impassable;0;0;
403;3234;impassable;0;0;
404;3234;impassable;0;0;
405;3234;impassable;0;0;
406;3234;impassable;0;0;
407;3234;impassable;0;0;
408;3234;impassable;0;0;
409;3234;impassable;0;0;
410;3234;impassable;0;0;
411;3234;impassable;0;0;
412;3234;impassable;0;0;
413;3234;impassable;0;0;
414;3234;impassable;0;0;
415;3234;impassable;0;0;
416;3234;impassable;0;0;
417;3234;impassable;0;0;
418;3234;impassable;0;0;
419;3234;impassable;0;0;
420;3234;impassable;0;0;
421;3234;impassable;0;0;
422;3234;impassable;0;0;
423;3234;impassable;0;0;
424;3234;impassable;0;0;
425;3234;impassable;0;0;
426;3234;impassable;0;0;
427;3234;impassable;0;0;
428;3234;impassable;0;0;
429;3234;impassable;0;0;
430;3234;impassable;0;0;
431;3234;impassable;0;0;
432;3234;impassable;0;0;
433;3234;impassable;0;0;
434;3234;impassable;0;0;
435;3234;impassable;0;0;
436;3234;impassable;0;0;
437;3234;impassable;0;0;
438;3234;impassable;0;0;
439;3234;impassable;0;0;
440;3234;impassable;0;0;
441;3234;impassable;0;0;
442;3234;impassable;0;0;
443;3234;impassable;0;0;
444;3234;impassable;0;0;
445;3234;impassable;0;0;
446;3234;impassable;0;0;
447;3234;impassable;0;0;
448;3234;impassable;0;0;
449;3234;impassable;0;0;
450;3234;impassable;0;0;
451;3234;impassable;0;0;
452;3234;impassable;0;0;
453;3234;impassable;0;0;
454;3234;impassable;0;0;
455;3234;impassable;0;0;
456;3234;impassable;0;0;
457;3234;impassable;0;0;
458;3234;impassable;0;0;
459;3234;impassable;0;0;
460;3234;impassable;0;0;
461;3234;impassable;0;0;
462;3234;impassable;0;0;
463;3234;impassable;0;0;
464;3234;impassable;0;0;
465;3234;impassable;0;0;
466;3234;impassable;0;0;
467;3234;impassable;0;0;
468;3234;impassable;0;0;
469;3234;impassable;0;0;
470;3234;impassable;0;0;
471;3234;impassable;0;0;
472;3234;impassable;0;0;
473;3234;impassable;0;0;
474;3234;impassable;0;0;
475;3234;impassable;0;0;
476;3234;impassable;0;0;
477;3234;impassable;0;0;
478;3234;impassable;0;0;
479;3234;impassable;0;0;
480;3234;impassable;0;0;
481;3234;impassable;0;0;
482;3234;impassable;0;0;
483;3234;impassable;0;0;
484;3234;impassable;0;0;
485;3234;impassable;0;0;
486;3234;impassable;0;0;
487;3234;impassable;0;0;
488;3234;impassable;0;0;
489;3234;impassable;0;0;
490;3234;impassable;0;0;
491;3234;impassable;0;0;
492;3234;impassable;0;0;
493;3234;impassable;0;0;
494;3234;impassable;0;0;
495;3234;impassable;0;0;
496;3234;impassable;0;0;
497;3234;impassable;0;0;
498;3234;impassable;0;0;
499;3234;impassable;0;0;
500;3234;impassable;0;0;
501;3234;impassable;0;0;
502;3234;impassable;0;0;
503;3234;impassable;0;0;
504;3234;impassable;0;0;
505;3234;impassable;0;0;
506;3234;impassable;0;0;
507;3234;impassable;0;0;
508;3234;impassable;0;0;
509;3234;impassable;0;0;
510;3234;impassable;0;0;
511;3234;impassable;0;0;
512;3234;impassable;0;0;
513;3234;impassable;0;0;
514;3234;impassable;0;0;
515;3234;impassable;0;0;
516;3234;impassable;0;0;
517;3234;impassable;0;0;
518;3234;impassable;0;0;
519;3234;impassable;0;0;
520;3234;impassable;0;0;
521;3234;impassable;0;0;
522;3234;impassable;0;0;
523;3234;impassable;0;0;
524;3234;impassable;0;0;
525;3234;impassable;0;0;
526;3234;impassable;0;0;
527;3234;impassable;0;0;
528;3234;impassable;0;0;
529;3234;impassable;0;0;
530;3234;impassable;0;0;
531;3234;impassable;0;0;
532;3234;impassable;0;0;
533;3234;impassable;0;0;
534;3234;impassable;0;0;
535;3234;impassable;0;0;
536;3234;impassable;0;0;
537;3234;impassable;0;0;
538;3234;impassable;0;0;
539;3234;impassable;0;0;
540;3234;impassable;0;0;
541;3234;impassable;0;0;
542;3234;impassable;0;0;
543;3234;impassable;0;0;
544;3234;impassable;0;0;
545;3234;impassable;0;0;
546;3234;impassable;0;0;
547;3234;impassable;0;0;
548;3234;impassable;0;0;
549;3234;impassable;0;0;
550;3234;impassable;0;0;
551;3234;impassable;0;0;
552;3234;impassable;0;0;
553;3234;impassable;0;0;
554;3234;impassable;0;0;
555;3234;impassable;0;0;
556;3234;impassable;0;0;
557;3234;impassable;0;0;
558;3234;impassable;0;0;
559;3234;impassable;0;0;
560;3234;impassable;0;0;
561;3234;impassable;0;0;
562;3234;impassable;0;0;
563;3234;impassable;0;0;
564;3234;impassable;0;0;
565;3234;impassable;0;0;
566;3234;impassable;0;0;
567;3234;impassable;0;0;
568;3234;impassable;0;0;
569;3234;impassable;0;0;
570;3234;impassable;0;0;
571;3234;impassable;0;0;
572;3234;impassable;0;0;
573;3234;impassable;0;0;
574;3234;impassable;0;0;
575;3234;impassable;0;0;
576;3234;impassable;0;0;
577;3234;impassable;0;0;
578;3234;impassable;0;0;
579;3234;impassable;0;0;
580;3234;impassable;0;0;
581;3234;impassable;0;0;
582;3234;impassable;0;0;
583;3234;impassable;0;0;
584;3234;impassable;0;0;
585;3234;impassable;0;0;
586;3234;impassable;0;0;
587;3234;impassable;0;0;
588;3234;impassable;0;0;
589;3234;impassable;0;0;
590;3234;impassable;0;0;
591;3234;impassable;0;0;
592;3234;impassable;0;0;
593;3234;impassable;0;0;
594;3234;impassable;0;0;
595;3234;impassable;0;0;
596;3234;impassable;0;0;
597;3234;impassable;0;0;
598;3234;impassable;0;0;
599;3234;impassable;0;0;
600;3234;impassable;0;0;
601;3234;impassable;0;0;
602;3234;impassable;0;0;
603;3234;impassable;0;0;
604;3234;impassable;0;0;
605;3234;impassable;0;0;
606;3234;impassable;0;0;
607;3234;impassable;0;0;
608;3234;impassable;0;0;
609;3234;impassable;0;0;
610;3234;impassable;0;0;
611;3234;impassable;0;0;
612;3234;impassable;0;0;
613;3234;impassable;0;0;
614;3234;impassable;0;0;
615;3234;impassable;0;0;
616;3234;impassable;0;0;
617;3234;impassable;0;0;
618;3234;impassable;0;0;
619;3234;impassable;0;0;
620;3234;impassable;0;0;
621;3234;impassable;0;0;
622;3234;impassable;0;0;
623;3234;impassable;0;0;
624;3234;impassable;0;0;
625;3234;impassable;0;0;
626;3234;impassable;0;0;
627;3234;impassable;0;0;
628;3234;impassable;0;0;
629;3234;impassable;0;0;
630;3234;impassable;0;0;
631;3234;impassable;0;0;
632;3234;impassable;0;0;
633;3234;impassable;0;0;
634;3234;impassable;0;0;
635;3234;impassable;0;0;
636;3234;impassable;0;0;
637;3234;impassable;0;0;
638;3234;impassable;0;0;
639;3234;impassable;0;0;
640;3234;impassable;0;0;
641;3234;impassable;0;0;
642;3234;impassable;0;0;
643;3234;impassable;0;0;
644;3234;impassable;0;0;
645;3234;impassable;0;0;
646;3234;impassable;0;0;
647;3234;impassable;0;0;
648;3234;impassable;0;0;
649;3234;impassable;0;0;
650;3234;impassable;0;0;
651;3234;impassable;0;0;
652;3234;impassable;0;0;
653;3234;impassable;0;0;
654;3234;impassable;0;0;
655;3234;impassable;0;0;
656;3234;impassable;0;0;
657;3234;impassable;0;0;
658;3234;impassable;0;0;
659;3234;impassable;0;0;
660;3234;impassable;0;0;
661;3234;impassable;0;0;
662;3234;impassable;0;0;
663;3234;impassable;0;0;
664;3234;impassable;0;0;
665;3234;impassable;0;0;
666;3234;impassable;0;0;
667;3234;impassable;0;0;
668;3234;impassable;0;0;
669;3234;impassable;0;0;
670;3234;impassable;0;0;
671;3234;impassable;0;0;
672;3234;impassable;0;0;
673;3234;impassable;0;0;
674;3234;impassable;0;0;
675;3234;impassable;0;0;
676;3234;impassable;0;0;
677;3234;impassable;0;0;
678;3234;impassable;0;0;
679;3234;impassable;0;0;
680;3234;impassable;0;0;
681;3234;impassable;0;0;
682;3234;impassable;0;0;
683;3234;impassable;0;0;
684;3234;impassable;0;0;
685;3234;impassable;0;0;
686;3234;impassable;0;0;
687;3234;impassable;0;0;
688;3234;impassable;0;0;
689;3234;impassable;0;0;
690;3234;impassable;0;0;
691;3234;impassable;0;0;
692;3234;impassable;0;0;
693;3234;impassable;0;0;
694;3234;impassable;0;0;
695;3234;impassable;0;0;
696;3234;impassable;0;0;
697;3234;impassable;0;0;
698;3234;impassable;0;0;
699;3234;impassable;0;0;
700;3234;impassable;0;0;
701;3234;impassable;0;0;
702;3234;impassable;0;0;
703;3234;impassable;0;0;
704;3234;impassable;0;0;
705;3234;impassable;0;0;
706;3234;impassable;0;0;
707;3234;impassable;0;0;
708;3234;impassable;0;0;
709;3234;impassable;0;0;
710;3234;impassable;0;0;
711;3234;impassable;0;0;
712;3234;impassable;0;0;
713;3234;impassable;0;0;
714;3234;impassable;0;0;
715;3234;impassable;0;0;
716;3234;impassable;0;0;
717;3234;impassable;0;0;
718;3234;impassable;0;0;
719;3234;impassable;0;0;
720;3234;impassable;0;0;
721;3234;impassable;0;0;
722;3234;impassable;0;0;
723;3234;impassable;0;0;
724;3234;impassable;0;0;
725;3234;impassable;0;0;
726;3234;impassable;0;0;
727;3234;impassable;0;0;
728;3234;impassable;0;0;
729;3234;impassable;0;0;
730;3234;impassable;0;0;
731;3234;impassable;0;0;
732;3234;impassable;0;0;
733;3234;impassable;0;0;
734;3234;impassable;0;0;
735;3234;impassable;0;0;
736;3234;impassable;0;0;
737;3234;impassable;0;0;
738;3234;impassable;0;0;
739;3234;impassable;0;0;
740;3234;impassable;0;0;
741;3234;impassable;0;0;
742;3234;impassable;0;0;
743;3234;impassable;0;0;
744;3234;impassable;0;0;
745;3234;impassable;0;0;
746;3234;impassable;0;0;
747;3234;impassable;0;0;
748;3234;impassable;0;0;
749;3234;impassable;0;0;
750;3234;impassable;0;0;
751;3234;impassable;0;0;
752;3234;impassable;0;0;
753;3234;impassable;0;0;
754;3234;impassable;0;0;
755;3234;impassable;0;0;
756;3234;impassable;0;0;
757;3234;impassable;0;0;
758;3234;impassable;0;0;
759;3234;impassable;0;0;
760;3234;impassable;0;0;
761;3234;impassable;0;0;
762;3234;impassable;0;0;
763;3234;impassable;0;0;
764;3234;impassable;0;0;
765;3234;impassable;0;0;
766;3234;impassable;0;0;
767;3234;impassable;0;0;
768;3234;impassable;0;0;
769;3234;impassable;0;0;
770;3234;impassable;0;0;
771;3234;impassable;0;0;
772;3234;impassable;0;0;
773;3234;impassable;0;0;
774;3234;impassable;0;0;
775;3234;impassable;0;0;
776;3234;impassable;0;0;
777;3234;impassable;0;0;
778;3234;impassable;0;0;
779;3234;impassable;0;0;
780;3234;impassable;0;0;
781;3234;impassable;0;0;
782;3234;impassable;0;0;
783;3234;impassable;0;0;
784;3234;impassable;0;0;
785;3234;impassable;0;0;
786;3234;impassable;0;0;
787;3234;impassable;0;0;
788;3234;impassable;0;0;
789;3234;impassable;0;0;
790;3234;impassable;0;0;
791;3234;impassable;0;0;
792;3234;impassable;0;0;
793;3234;impassable;0;0;
794;3234;impassable;0;0;
795;3234;impassable;0;0;
796;3234;impassable;0;0;
797;3234;impassable;0;0;
798;3234;impassable;0;0;
799;3234;impassable;0;0;
800;3234;impassable;0;0;
801;3234;impassable;0;0;
802;3234;impassable;0;0;
803;3234;impassable;0;0;
804;3234;impassable;0;0;
805;3234;impassable;0;0;
806;3234;impassable;0;0;
807;3234;impassable;0;0;
808;3234;impassable;0;0;
809;3234;impassable;0;0;
810;3234;impassable;0;0;
811;3234;impassable;0;0;
812;3234;impassable;0;0;
813;3234;impassable;0;0;
814;3234;impassable;0;0;
815;3234;impassable;0;0;
816;3234;impassable;0;0;
817;3234;impassable;0;0;
818;3234;impassable;0;0;
819;3234;impassable;0;0;
820;3234;impassable;0;0;
821;3234;impassable;0;0;
822;3234;impassable;0;0;
823;3234;impassable;0;0;
824;3234;impassable;0;0;
825;3234;impassable;0;0;
826;3234;impassable;0;0;
827;3234;impassable;0;0;
828;3234;impassable;0;0;
829;3234;impassable;0;0;
830;3234;impassable;0;0;
831;3234;impassable;0;0;
832;3234;impassable;0;0;
833;3234;impassable;0;0;
834;3234;impassable;0;0;
835;3234;impassable;0;0;
836;3234;impassable;0;0;
837;3234;impassable;0;0;
838;3234;impassable;0;0;
839;3234;impassable;0;0;
840;3234;impassable;0;0;
841;3234;impassable;0;0;
842;3234;impassable;0;0;
843;3234;impassable;0;0;
844;3234;impassable;0;0;
845;3234;impassable;0;0;
846;3234;impassable;0;0;
847;3234;impassable;0;0;
848;3234;impassable;0;0;
849;3234;impassable;0;0;
850;3234;impassable;0;0;
851;3234;impassable;0;0;
852;3234;impassable;0;0;
853;3234;impassable;0;0;
854;3234;impassable;0;0;
855;3234;impassable;0;0;
856;3234;impassable;0;0;
857;3234;impassable;0;0;
858;3234;impassable;0;0;
859;3234;impassable;0;0;
860;3234;impassable;0;0;
861;3234;impassable;0;0;
862;3234;impassable;0;0;
863;3234;impassable;0;0;
864;3234;impassable;0;0;
865;3234;impassable;0;0;
866;3234;impassable;0;0;
867;3234;impassable;0;0;
868;3234;impassable;0;0;
869;3234;impassable;0;0;
870;3234;impassable;0;0;
871;3234;impassable;0;0;
872;3234;impassable;0;0;
873;3234;impassable;0;0;
874;3234;impassable;0;0;
875;3234;impassable;0;0;
876;3234;impassable;0;0;
877;3234;impassable;0;0;
878;3234;impassable;0;0;
879;3234;impassable;0;0;
880;3234;impassable;0;0;
881;3234;impassable;0;0;
882;3234;impassable;0;0;
883;3234;impassable;0;0;
884;3234;impassable;0;0;
885;3234;impassable;0;0;
886;3234;impassable;0;0;
887;3234;impassable;0;0;
888;3234;impassable;0;0;
889;3234;impassable;0;0;
890;3234;impassable;0;0;
891;3234;impassable;0;0;
892;3234;impassable;0;0;
893;3234;impassable;0;0;
894;3234;impassable;0;0;
895;3234;impassable;0;0;
896;3234;impassable;0;0;
897;3234;impassable;0;0;
898;3234;impassable;0;0;
899;3234;impassable;0;0;
900;3234;impassable;0;0;
901;3234;impassable;0;0;
902;3234;impassable;0;0;
903;3234;impassable;0;0;
904;3234;impassable;0;0;
905;3234;impassable;0;0;
906;3234;impassable;0;0;
907;3234;impassable;0;0;
908;3234;impassable;0;0;
909;3234;impassable;0;0;
910;3234;impassable;0;0;
911;3234;impassable;0;0;
912;3234;impassable;0;0;
913;3234;impassable;0;0;
914;3234;impassable;0;0;
915;3234;impassable;0;0;
916;3234;impassable;0;0;
917;3234;impassable;0;0;
918;3234;impassable;0;0;
919;3234;impassable;0;0;
920;3234;impassable;0;0;
921;3234;impassable;0;0;
922;3234;impassable;0;0;
923;3234;impassable;0;0;
924;3234;impassable;0;0;
925;3234;impassable;0;0;
926;3234;impassable;0;0;
927;3234;impassable;0;0;
928;3234;impassable;0;0;
929;3234;impassable;0;0;
930;3234;impassable;0;0;
931;3234;impassable;0;0;
932;3234;impassable;0;0;
933;3234;impassable;0;0;
934;3234;impassable;0;0;
935;3234;impassable;0;0;
936;3234;impassable;0;0;
937;3234;impassable;0;0;
938;3234;impassable;0;0;
939;3234;impassable;0;0;
940;3234;impassable;0;0;
941;3234;impassable;0;0;
942;3234;impassable;0;0;
943;3234;impassable;0;0;
944;3234;impassable;0;0;
945;3234;impassable;0;0;
946;3234;impassable;0;0;
947;3234;impassable;0;0;
948;3234;impassable;0;0;
949;3234;impassable;0;0;
950;3234;impassable;0;0;
951;3234;impassable;0;0;
952;3234;impassable;0;0;
953;3234;impassable;0;0;
954;3234;impassable;0;0;
955;3234;impassable;0;0;
956;3234;impassable;0;0;
957;3234;impassable;0;0;
958;3234;impassable;0;0;
959;3234;impassable;0;0;
960;3234;impassable;0;0;
961;3234;impassable;0;0;
962;3234;impassable;0;0;
963;3234;impassable;0;0;
964;3234;impassable;0;0;
965;3234;impassable;0;0;
966;3234;impassable;0;0;
967;3234;impassable;0;0;
968;3234;impassable;0;0;
969;3234;impassable;0;0;
970;3234;impassable;0;0;
971;3234;impassable;0;0;
972;3234;impassable;0;0;
973;3234;impassable;0;0;
974;3234;impassable;0;0;
975;3234;impassable;0;0;
976;3234;impassable;0;0;
977;3234;impassable;0;0;
978;3234;impassable;0;0;
979;3234;impassable;0;0;
980;3234;impassable;0;0;
981;3234;impassable;0;0;
982;3234;impassable;0;0;
983;3234;impassable;0;0;
984;3234;impassable;0;0;
985;3234;impassable;0;0;
986;3234;impassable;0;0;
987;3234;impassable;0;0;
988;3234;impassable;0;0;
989;3234;impassable;0;0;
990;3234;impassable;0;0;
991;3234;impassable;0;0;
992;3234;impassable;0;0;
993;3234;impassable;0;0;
994;3234;impassable;0;0;
995;3234;impassable;0;0;
996;3234;impassable;0;0;
997;3234;impassable;0;0;
998;3234;impassable;0;0;
999;3234;impassable;0;0;
1000;3234;impassable;0;0;
1001;3234;impassable;0;0;
1002;3234;impassable;0;0;
1003;3234;impassable;0;0;
1004;3234;impassable;0;0;
1005;3234;impassable;0;0;
1006;3234;impassable;0;0;
1007;3234;impassable;0;0;
1008;3234;impassable;0;0;
1009;3234;impassable;0;0;
1010;3234;impassable;0;0;
1011;3234;impassable;0;0;
1012;3234;impassable;0;0;
1013;3234;impassable;0;0;
1014;3234;impassable;0;0;
1015;3234;impassable;0;0;
1016;3234;impassable;0;0;
1017;3234;impassable;0;0;
1018;3234;impassable;0;0;
1019;3234;impassable;0;0;
1020;3234;impassable;0;0;
1021;3234;impassable;0;0;
1022;3234;impassable;0;0;
1023;3234;impassable;0;0;
1024;3234;impassable;0;0;
1025;3234;impassable;0;0;
1026;3234;impassable;0;0;
1027;3234;impassable;0;0;
1028;3234;impassable;0;0;
1029;3234;impassable;0;0;
1030;3234;impassable;0;0;
1031;3234;impassable;0;0;
1032;3234;impassable;0;0;
1033;3234;impassable;0;0;
1034;3234;impassable;0;0;
1035;3234;impassable;0;0;
1036;3234;impassable;0;0;
1037;3234;impassable;0;0;
1038;3234;impassable;0;0;
1039;3234;impassable;0;0;
1040;3234;impassable;0;0;
1041;3234;impassable;0;0;
1042;3234;impassable;0;0;
1043;3234;impassable;0;0;
1044;3234;impassable;0;0;
1045;3234;impassable;0;0;
1046;3234;impassable;0;0;
1047;3234;impassable;0;0;
1048;3234;impassable;0;0;
1049;3234;impassable;0;0;
1050;3234;impassable;0;0;
1051;3234;impassable;0;0;
1052;3234;impassable;0;0;
1053;3234;impassable;0;0;
1054;3234;impassable;0;0;
1055;3234;impassable;0;0;
1056;3234;impassable;0;0;
1057;3234;impassable;0;0;
1058;3234;impassable;0;0;
1059;3234;impassable;0;0;
1060;3234;impassable;0;0;
1061;3234;impassable;0;0;
1062;3234;impassable;0;0;
1063;3234;impassable;0;0;
1064;3234;impassable;0;0;
1065;3234;impassable;0;0;
1066;3234;impassable;0;0;
1067;3234;impassable;0;0;
1068;3234;impassable;0;0;
1069;3234;impassable;0;0;
1070;3234;impassable;0;0;
1071;3234;impassable;0;0;
1072;3234;impassable;0;0;
1073;3234;impassable;0;0;
1074;3234;impassable;0;0;
1075;3234;impassable;0;0;
1076;3234;impassable;0;0;
1077;3234;impassable;0;0;
1078;3234;impassable;0;0;
1079;3234;impassable;0;0;
1080;3234;impassable;0;0;
1081;3234;impassable;0;0;
1082;3234;impassable;0;0;
1083;3234;impassable;0;0;
1084;3234;impassable;0;0;
1085;3234;impassable;0;0;
1086;3234;impassable;0;0;
1087;3234;impassable;0;0;
1088;3234;impassable;0;0;
1089;3234;impassable;0;0;
1090;3234;impassable;0;0;
1091;3234;impassable;0;0;
1092;3234;impassable;0;0;
1093;3234;impassable;0;0;
1094;3234;impassable;0;0;
1095;3234;impassable;0;0;
1096;3234;impassable;0;0;
1097;3234;impassable;0;0;
1098;3234;impassable;0;0;
1099;3234;impassable;0;0;
1100;3234;impassable;0;0;
1101;3234;impassable;0;0;
1102;3234;impassable;0;0;
1103;3234;impassable;0;0;
1104;3234;impassable;0;0;
1105;3234;impassable;0;0;
1106;3234;impassable;0;0;
1107;3234;impassable;0;0;
1108;3234;impassable;0;0;
1109;3234;impassable;0;0;
1110;3234;impassable;0;0;
1111;3234;impassable;0;0;
1112;3234;impassable;0;0;
1113;3234;impassable;0;0;
1114;3234;impassable;0;0;
1115;3234;impassable;0;0;
1116;3234;impassable;0;0;
1117;3234;impassable;0;0;
1118;3234;impassable;0;0;
1119;3234;impassable;0;0;
1120;3234;impassable;0;0;
1121;3234;impassable;0;0;
1122;3234;impassable;0;0;
1123;3234;impassable;0;0;
1124;3234;impassable;0;0;
1125;3234;impassable;0;0;
1126;3234;impassable;0;0;
1127;3234;impassable;0;0;
1128;3234;impassable;0;0;
1129;3234;impassable;0;0;
1130;3234;impassable;0;0;
1131;3234;impassable;0;0;
1132;3234;impassable;0;0;
1133;3234;impassable;0;0;
1134;3234;impassable;0;0;
1135;3234;impassable;0;0;
1136;3234;impassable;0;0;
1137;3234;impassable;0;0;
1138;3234;impassable;0;0;
1139;3234;impassable;0;0;
1140;3234;impassable;0;0;
1141;3234;impassable;0;0;
1142;3234;impassable;0;0;
1143;3234;impassable;0;0;
1144;3234;impassable;0;0;
1145;3234;impassable;0;0;
1146;3234;impassable;0;0;
1147;3234;impassable;0;0;
1148;3234;impassable;0;0;
1149;3234;impassable;0;0;
1150;3234;impassable;0;0;
1151;3234;impassable;0;0;
1152;3234;impassable;0;0;
1153;3234;impassable;0;0;
1154;3234;impassable;0;0;
1155;3234;impassable;0;0;
1156;3234;impassable;0;0;
1157;3234;impassable;0;0;
1158;3234;impassable;0;0;
1159;3234;impassable;0;0;
1160;3234;impassable;0;0;
1161;3234;impassable;0;0;
1162;3234;impassable;0;0;
1163;3234;impassable;0;0;
1164;3234;impassable;0;0;
1165;3234;impassable;0;0;
1166;3234;impassable;0;0;
1167;3234;impassable;0;0;
1168;3234;impassable;0;0;
1169;3234;impassable;0;0;
1170;3234;impassable;0;0;
1171;3234;impassable;0;0;
1172;3234;impassable;0;0;
1173;3234;impassable;0;0;
1174;3234;impassable;0;0;
1175;3234;impassable;0;0;
1176;3234;impassable;0;0;
1177;3234;impassable;0;0;
1178;3234;impassable;0;0;
1179;3234;impassable;0;0;
1180;3234;impassable;0;0;
1181;3234;impassable;0;0;
1182;3234;impassable;0;0;
1183;3234;impassable;0;0;
1184;3234;impassable;0;0;
1185;3234;impassable;0;0;
1186;3234;impassable;0;0;
1187;3234;impassable;0;0;
1188;3234;impassable;0;0;
1189;3234;impassable;0;0;
1190;3234;impassable;0;0;
1191;3234;impassable;0;0;
1192;3234;impassable;0;0;
1193;3234;impassable;0;0;
1194;3234;impassable;0;0;
1195;3234;impassable;0;0;
1196;3234;impassable;0;0;
1197;3234;impassable;0;0;
1198;3234;impassable;0;0;
1199;3234;impassable;0;0;
1200;3234;impassable;0;0;
1201;3234;impassable;0;0;
1202;3234;impassable;0;0;
1203;3234;impassable;0;0;
1204;3234;impassable;0;0;
1205;3234;impassable;0;0;
1206;3234;impassable;0;0;
1207;3234;impassable;0;0;
1208;3234;impassable;0;0;
1209;3234;impassable;0;0;
1210;3234;impassable;0;0;
1211;3234;impassable;0;0;
1212;3234;impassable;0;0;
1213;3234;impassable;0;0;
1214;3234;impassable;0;0;
1215;3234;impassable;0;0;
1216;3234;impassable;0;0;
1217;3234;impassable;0;0;
1218;3234;impassable;0;0;
1219;3234;impassable;0;0;
1220;3234;impassable;0;0;
1221;3234;impassable;0;0;
1222;3234;impassable;0;0;
1223;3234;impassable;0;0;
1224;3234;impassable;0;0;
1225;3234;impassable;0;0;
1226;3234;impassable;0;0;
1227;3234;impassable;0;0;
1228;3234;impassable;0;0;
1229;3234;impassable;0;0;
1230;3234;impassable;0;0;
1231;3234;impassable;0;0;
1232;3234;impassable;0;0;
1233;3234;impassable;0;0;
1234;3234;impassable;0;0;
1235;3234;impassable;0;0;
1236;3234;impassable;0;0;
1237;3234;impassable;0;0;
1238;3234;impassable;0;0;
1239;3234;impassable;0;0;
1240;3234;impassable;0;0;
1241;3234;impassable;0;0;
1242;3234;impassable;0;0;
1243;3234;impassable;0;0;
1244;3234;impassable;0;0;
1245;3234;impassable;0;0;
1246;3234;impassable;0;0;
1247;3234;impassable;0;0;
1248;3234;impassable;0;0;
1249;3234;impassable;0;0;
1250;3234;impassable;0;0;
1251;3234;impassable;0;0;
1252;3234;impassable;0;0;
1253;3234;impassable;0;0;
1254;3234;impassable;0;0;
1255;3234;impassable;0;0;
1256;3234;impassable;0;0;
1257;3234;impassable;0;0;
1258;3234;impassable;0;0;
1259;3234;impassable;0;0;
1260;3234;impassable;0;0;
1261;3234;impassable;0;0;
1262;3234;impassable;0;0;
1263;3234;impassable;0;0;
1264;3234;impassable;0;0;
1265;3234;impassable;0;0;
1266;3234;impassable;0;0;
1267;3234;impassable;0;0;
1268;3234;impassable;0;0;
1269;3234;impassable;0;0;
1270;3234;impassable;0;0;
1271;3234;impassable;0;0;
1272;3234;impassable;0;0;
1273;3234;impassable;0;0;
1274;3234;impassable;0;0;
1275;3234;impassable;0;0;
1276;3234;impassable;0;0;
1277;3234;impassable;0;0;
1278;3234;impassable;0;0;
1279;3234;impassable;0;0;
1280;3234;impassable;0;0;
1281;3234;impassable;0;0;
1282;3234;impassable;0;0;
1283;3234;impassable;0;0;
1284;3234;impassable;0;0;
1285;3234;impassable;0;0;
1286;3234;impassable;0;0;
1287;3234;impassable;0;0;
1288;3234;impassable;0;0;
1289;3234;impassable;0;0;
1290;3234;impassable;0;0;
1291;3234;impassable;0;0;
1292;3234;impassable;0;0;
1293;3234;impassable;0;0;
1294;3234;impassable;0;0;
1295;3234;impassable;0;0;
1296;3234;impassable;0;0;
1297;3234;impassable;0;0;
1298;3234;impassable;0;0;
1299;3234;impassable;0;0;
1300;3234;impassable;0;0;
1301;3234;impassable;0;0;
1302;3234;impassable;0;0;
1303;3234;impassable;0;0;
1304;3234;impassable;0;0;
1305;3234;impassable;0;0;
1306;3234;impassable;0;0;
1307;3234;impassable;0;0;
1308;3234;impassable;0;0;
1309;3234;impassable;0;0;
1310;3234;impassable;0;0;
1311;3234;impassable;0;0;
1312;3234;impassable;0;0;
1313;3234;impassable;0;0;
1314;3234;impassable;0;0;
1315;3234;impassable;0;0;
1316;3234;impassable;0;0;
1317;3234;impassable;0;0;
1318;3234;impassable;0;0;
1319;3234;impassable;0;0;
1320;3234;impassable;0;0;
1321;3234;impassable;0;0;
1322;3234;impassable;0;0;
1323;3234;impassable;0;0;
1324;3234;impassable;0;0;
1325;3234;impassable;0;0;
1326;3234;impassable;0;0;
1327;3234;impassable;0;0;
1328;3234;impassable;0;0;
1329;3234;impassable;0;0;
1330;3234;impassable;0;0;
1331;3234;impassable;0;0;
1332;3234;impassable;0;0;
1333;3234;impassable;0;0;
1334;3234;impassable;0;0;
1335;3234;impassable;0;0;
1336;3234;impassable;0;0;
1337;3234;impassable;0;0;
1338;3234;impassable;0;0;
1339;3234;impassable;0;0;
1340;3234;impassable;0;0;
1341;3234;impassable;0;0;
1342;3234;impassable;0;0;
1343;3234;impassable;0;0;
1344;3234;impassable;0;0;
1345;3234;impassable;0;0;
1346;3234;impassable;0;0;
1347;3234;impassable;0;0;
1348;3234;impassable;0;0;
1349;3234;impassable;0;0;
1350;3234;impassable;0;0;
1351;3234;impassable;0;0;
1352;3234;impassable;0;0;
1353;3234;impassable;0;0;
1354;3234;impassable;0;0;
1355;3234;impassable;0;0;
1356;3234;impassable;0;0;
1357;3234;impassable;0;0;
1358;3234;impassable;0;0;
1359;3234;impassable;0;0;
1360;3234;impassable;0;0;
1361;3234;impassable;0;0;
1362;3234;impassable;0;0;
1363;3234;impassable;0;0;
1364;3234;impassable;0;0;
1365;3234;impassable;0;0;
1366;3234;impassable;0;0;
1367;3234;impassable;0;0;
1368;3234;impassable;0;0;
1369;3234;impassable;0;0;
1370;3234;impassable;0;0;
1371;3234;impassable;0;0;
1372;3234;impassable;0;0;
1373;3234;impassable;0;0;
1374;3234;impassable;0;0;
1375;3234;impassable;0;0;
1376;3234;impassable;0;0;
1377;3234;impassable;0;0;
1378;3234;impassable;0;0;
1379;3234;impassable;0;0;
1380;3234;impassable;0;0;
1381;3234;impassable;0;0;
1382;3234;impassable;0;0;
1383;3234;impassable;0;0;
1384;3234;impassable;0;0;
1385;3234;impassable;0;0;
1386;3234;impassable;0;0;
1387;3234;impassable;0;0;
1388;3234;impassable;0;0;
1389;3234;impassable;0;0;
1390;3234;impassable;0;0;
1391;3234;impassable;0;0;
1392;3234;impassable;0;0;
1393;3234;impassable;0;0;
1394;3234;impassable;0;0;
1395;3234;impassable;0;0;
1396;3234;impassable;0;0;
1397;3234;impassable;0;0;
1398;3234;impassable;0;0;
1399;3234;impassable;0;0;
1400;3234;impassable;0;0;
1401;3234;impassable;0;0;
1402;3234;impassable;0;0;
1403;3234;impassable;0;0;
1404;3234;impassable;0;0;
1405;3234;impassable;0;0;
1406;3234;impassable;0;0;
1407;3234;impassable;0;0;
1408;3234;impassable;0;0;
1409;3234;impassable;0;0;
1410;3234;impassable;0;0;
1411;3234;impassable;0;0;
1412;3234;impassable;0;0;
1413;3234;impassable;0;0;
1414;3234;impassable;0;0;
1415;3234;impassable;0;0;
1416;3234;impassable;0;0;
1417;3234;impassable;0;0;
1418;3234;impassable;0;0;
1419;3234;impassable;0;0;
1420;3234;impassable;0;0;
1421;3234;impassable;0;0;
1422;3234;impassable;0;0;
1423;3234;impassable;0;0;
1424;3234;impassable;0;0;
1425;3234;impassable;0;0;
1426;3234;impassable;0;0;
1427;3234;impassable;0;0;
1428;3234;impassable;0;0;
1429;3234;impassable;0;0;
1430;3234;impassable;0;0;
1431;3234;impassable;0;0;
1432;3234;impassable;0;0;
1433;3234;impassable;0;0;
1434;3234;impassable;0;0;
1435;3234;impassable;0;0;
1436;3234;impassable;0;0;
1437;3234;impassable;0;0;
1438;3234;impassable;0;0;
1439;3234;impassable;0;0;
1440;3234;impassable;0;0;
1441;3234;impassable;0;0;
1442;3234;impassable;0;0;
1443;3234;impassable;0;0;
1444;3234;impassable;0;0;
1445;3234;impassable;0;0;
1446;3234;impassable;0;0;
1447;3234;impassable;0;0;
1448;3234;impassable;0;0;
1449;3234;impassable;0;0;
1450;3234;impassable;0;0;
1451;3234;impassable;0;0;
1452;3234;impassable;0;0;
1453;3234;impassable;0;0;
1454;3234;impassable;0;0;
1455;3234;impassable;0;0;
1456;3234;impassable;0;0;
1457;3234;impassable;0;0;
1458;3234;impassable;0;0;
1459;3234;impassable;0;0;
1460;3234;impassable;0;0;
1461;3234;impassable;0;0;
1462;3234;impassable;0;0;
1463;3234;impassable;0;0;
1464;3234;impassable;0;0;
1465;3234;impassable;0;0;
1466;3234;impassable;0;0;
1467;3234;impassable;0;0;
1468;3234;impassable;0;0;
1469;3234;impassable;0;0;
1470;3234;impassable;0;0;
1471;3234;impassable;0;0;
1472;3234;impassable;0;0;
1473;3234;impassable;0;0;
1474;3234;impassable;0;0;
1475;3234;impassable;0;0;
1476;3234;impassable;0;0;
1477;3234;impassable;0;0;
1478;3234;impassable;0;0;
1479;3234;impassable;0;0;
1480;3234;impassable;0;0;
1481;3234;impassable;0;0;
1482;3234;impassable;0;0;
1483;3234;impassable;0;0;
1484;3234;impassable;0;0;
1485;3234;impassable;0;0;
1486;3234;impassable;0;0;
1487;3234;impassable;0;0;
1488;3234;impassable;0;0;
1489;3234;impassable;0;0;
1490;3234;impassable;0;0;
1491;3234;impassable;0;0;
1492;3234;impassable;0;0;
1493;3234;impassable;0;0;
1494;3234;impassable;0;0;
1495;3234;impassable;0;0;
1496;3234;impassable;0;0;
1497;3234;impassable;0;0;
1498;3234;impassable;0;0;
1499;3234;impassable;0;0;
1500;3234;impassable;0;0;
1501;3234;impassable;0;0;
1502;3234;impassable;0;0;
1503;3234;impassable;0;0;
1504;3234;impassable;0;0;
1505;3234;impassable;0;0;
1506;3234;impassable;0;0;
1507;3234;impassable;0;0;
1508;3234;impassable;0;0;
1509;3234;impassable;0;0;
1510;3234;impassable;0;0;
1511;3234;impassable;0;0;
1512;3234;impassable;0;0;
1513;3234;impassable;0;0;
1514;3234;impassable;0;0;
1515;3234;impassable;0;0;
1516;3234;impassable;0;0;
1517;3234;impassable;0;0;
1518;3234;impassable;0;0;
1519;3234;impassable;0;0;
1520;3234;impassable;0;0;
1521;3234;impassable;0;0;
1522;3234;impassable;0;0;
1523;3234;impassable;0;0;
1524;3234;impassable;0;0;
1525;3234;impassable;0;0;
1526;3234;impassable;0;0;
1527;3234;impassable;0;0;
1528;3234;impassable;0;0;
1529;3234;impassable;0;0;
1530;3234;impassable;0;0;
1531;3234;impassable;0;0;
1532;3234;impassable;0;0;
1533;3234;impassable;0;0;
1534;3234;impassable;0;0;
1535;3234;impassable;0;0;
1536;3234;impassable;0;0;
1537;3234;impassable;0;0;
1538;3234;impassable;0;0;
1539;3234;impassable;0;0;
1540;3234;impassable;0;0;
1541;3234;impassable;0;0;
1542;3234;impassable;0;0;
1543;3234;impassable;0;0;
1544;3234;impassable;0;0;
1545;3234;impassable;0;0;
1546;3234;impassable;0;0;
1547;3234;impassable;0;0;
1548;3234;impassable;0;0;
1549;3234;impassable;0;0;
1550;3234;impassable;0;0;
1551;3234;impassable;0;0;
1552;3234;impassable;0;0;
1553;3234;impassable;0;0;
1554;3234;impassable;0;0;
1555;3234;impassable;0;0;
1556;3234;impassable;0;0;
1557;3234;impassable;0;0;
1558;3234;impassable;0;0;
1559;3234;impassable;0;0;
1560;3234;impassable;0;0;
1561;3234;impassable;0;0;
1562;3234;impassable;0;0;
1563;3234;impassable;0;0;
1564;3234;impassable;0;0;
1565;3234;impassable;0;0;
1566;3234;impassable;0;0;
1567;3234;impassable;0;0;
1568;3234;impassable;0;0;
1569;3234;impassable;0;0;
1570;3234;impassable;0;0;
1571;3234;impassable;0;0;
1572;3234;impassable;0;0;
1573;3234;impassable;0;0;
1574;3234;impassable;0;0;
1575;3234;impassable;0;0;
1576;3234;impassable;0;0;
1577;3234;impassable;0;0;
1578;3234;impassable;0;0;
1579;3234;impassable;0;0;
1580;3234;impassable;0;0;
1581;3234;impassable;0;0;
1582;3234;impassable;0;0;
1583;3234;impassable;0;0;
1584;3234;impassable;0;0;
1585;3234;impassable;0;0;
1586;3234;impassable;0;0;
1587;3234;impassable;0;0;
1588;3234;impassable;0;0;
1589;3234;impassable;0;0;
1590;3234;impassable;0;0;
1591;3234;impassable;0;0;
1592;3234;impassable;0;0;
1593;3234;impassable;0;0;
1594;3234;impassable;0;0;
1595;3234;impassable;0;0;
1596;3234;impassable;0;0;
1597;3234;impassable;0;0;
1598;3234;impassable;0;0;
1599;3234;impassable;0;0;
1600;3234;impassable;0;0;
1601;3234;impassable;0;0;
1602;3234;impassable;0;0;
1603;3234;impassable;0;0;
1604;3234;impassable;0;0;
1605;3234;impassable;0;0;
1606;3234;impassable;0;0;
1607;3234;impassable;0;0;
1608;3234;impassable;0;0;
1609;3234;impassable;0;0;
1610;3234;impassable;0;0;
1611;3234;impassable;0;0;
1612;3234;impassable;0;0;
1613;3234;impassable;0;0;
1614;3234;impassable;0;0;
1615;3234;impassable;0;0;
1616;3234;impassable;0;0;
1617;3234;impassable;0;0;
1618;3234;impassable;0;0;
1619;3234;impassable;0;0;
1620;3234;impassable;0;0;
1621;3234;impassable;0;0;
1622;3234;impassable;0;0;
1623;3234;impassable;0;0;
1624;3234;impassable;0;0;
1625;3234;impassable;0;0;
1626;3234;impassable;0;0;
1627;3234;impassable;0;0;
1628;3234;impassable;0;0;
1629;3234;impassable;0;0;
1630;3234;impassable;0;0;
1631;3234;impassable;0;0;
1632;3234;impassable;0;0;
1633;3234;impassable;0;0;
1634;3234;impassable;0;0;
1635;3234;impassable;0;0;
1636;3234;impassable;0;0;
1637;3234;impassable;0;0;
1638;3234;impassable;0;0;
1639;3234;impassable;0;0;
1640;3234;impassable;0;0;
1641;3234;impassable;0;0;
1642;3234;impassable;0;0;
1643;3234;impassable;0;0;
1644;3234;impassable;0;0;
1645;3234;impassable;0;0;
1646;3234;impassable;0;0;
1647;3234;impassable;0;0;
1648;3234;impassable;0;0;
1649;3234;impassable;0;0;
1650;3234;impassable;0;0;
1651;3234;impassable;0;0;
1652;3234;impassable;0;0;
1653;3234;impassable;0;0;
1654;3234;impassable;0;0;
1655;3234;impassable;0;0;
1656;3234;impassable;0;0;
1657;3234;impassable;0;0;
1658;3234;impassable;0;0;
1659;3234;impassable;0;0;
1660;3234;impassable;0;0;
1661;3234;impassable;0;0;
1662;3234;impassable;0;0;
1663;3234;impassable;0;0;
1664;3234;impassable;0;0;
1665;3234;impassable;0;0;
1666;3234;impassable;0;0;
1667;3234;impassable;0;0;
1668;3234;impassable;0;0;
1669;3234;impassable;0;0;
1670;3234;impassable;0;0;
1671;3234;impassable;0;0;
1672;3234;impassable;0;0;
1673;3234;impassable;0;0;
1674;3234;impassable;0;0;
1675;3234;impassable;0;0;
1676;3234;impassable;0;0;
1677;3234;impassable;0;0;
1678;3234;impassable;0;0;
1679;3234;impassable;0;0;
1680;3234;impassable;0;0;
1681;3234;impassable;0;0;
1682;3234;impassable;0;0;
1683;3234;impassable;0;0;
1684;3234;impassable;0;0;
1685;3234;impassable;0;0;
1686;3234;impassable;0;0;
1687;3234;impassable;0;0;
1688;3234;impassable;0;0;
1689;3234;impassable;0;0;
1690;3234;impassable;0;0;
1691;3234;impassable;0;0;
1692;3234;impassable;0;0;
1693;3234;impassable;0;0;
1694;3234;impassable;0;0;
1695;3234;impassable;0;0;
1696;3234;impassable;0;0;
1697;3234;impassable;0;0;
1698;3234;impassable;0;0;
1699;3234;impassable;0;0;
1700;3234;impassable;0;0;
1701;3234;impassable;0;0;
1702;3234;impassable;0;0;
1703;3234;impassable;0;0;
1704;3234;impassable;0;0;
1705;3234;impassable;0;0;
1706;3234;impassable;0;0;
1707;3234;impassable;0;0;
1708;3234;impassable;0;0;
1709;3234;impassable;0;0;
1710;3234;impassable;0;0;
1711;3234;impassable;0;0;
1712;3234;impassable;0;0;
1713;3234;impassable;0;0;
1714;3234;impassable;0;0;
1715;3234;impassable;0;0;
1716;3234;impassable;0;0;
1717;3234;impassable;0;0;
1718;3234;impassable;0;0;
1719;3234;impassable;0;0;
1720;3234;impassable;0;0;
1721;3234;impassable;0;0;
1722;3234;impassable;0;0;
1723;3234;impassable;0;0;
1724;3234;impassable;0;0;
1725;3234;impassable;0;0;
1726;3234;impassable;0;0;
1727;3234;impassable;0;0;
1728;3234;impassable;0;0;
1729;3234;impassable;0;0;
1730;3234;impassable;0;0;
1731;3234;impassable;0;0;
1732;3234;impassable;0;0;
1733;3234;impassable;0;0;
1734;3234;impassable;0;0;
1735;3234;impassable;0;0;
1736;3234;impassable;0;0;
1737;3234;impassable;0;0;
1738;3234;impassable;0;0;
1739;3234;impassable;0;0;
1740;3234;impassable;0;0;
1741;3234;impassable;0;0;
1742;3234;impassable;0;0;
1743;3234;impassable;0;0;
1744;3234;impassable;0;0;
1745;3234;impassable;0;0;
1746;3234;impassable;0;0;
1747;3234;impassable;0;0;
1748;3234;impassable;0;0;
1749;3234;impassable;0;0;
1750;3234;impassable;0;0;
1751;3234;impassable;0;0;
1752;3234;impassable;0;0;
1753;3234;impassable;0;0;
1754;3234;impassable;0;0;
1755;3234;impassable;0;0;
1756;3234;impassable;0;0;
1757;3234;impassable;0;0;
1758;3234;impassable;0;0;
1759;3234;impassable;0;0;
1760;3234;impassable;0;0;
1761;3234;impassable;0;0;
1762;3234;impassable;0;0;
1763;3234;impassable;0;0;
1764;3234;impassable;0;0;
1765;3234;impassable;0;0;
1766;3234;impassable;0;0;
1767;3234;impassable;0;0;
1768;3234;impassable;0;0;
1769;3234;impassable;0;0;
1770;3234;impassable;0;0;
1771;3234;impassable;0;0;
1772;3234;impassable;0;0;
1773;3234;impassable;0;0;
1774;3234;impassable;0;0;
1775;3234;impassable;0;0;
1776;3234;impassable;0;0;
1777;3234;impassable;0;0;
1778;3234;impassable;0;0;
1779;3234;impassable;0;0;
1780;3234;impassable;0;0;
1781;3234;impassable;0;0;
1782;3234;impassable;0;0;
1783;3234;impassable;0;0;
1784;3234;impassable;0;0;
1785;3234;impassable;0;0;
1786;3234;impassable;0;0;
1787;3234;impassable;0;0;
1788;3234;impassable;0;0;
1789;3234;impassable;0;0;
1790;3234;impassable;0;0;
1791;3234;impassable;0;0;
1792;3234;impassable;0;0;
1793;3234;impassable;0;0;
1794;3234;impassable;0;0;
1795;3234;impassable;0;0;
1796;3234;impassable;0;0;
1797;3234;impassable;0;0;
1798;3234;impassable;0;0;
1799;3234;impassable;0;0;
1800;3234;impassable;0;0;
1801;3234;impassable;0;0;
1802;3234;impassable;0;0;
1803;3234;impassable;0;0;
1804;3234;impassable;0;0;
1805;3234;impassable;0;0;
1806;3234;impassable;0;0;
1807;3234;impassable;0;0;
1808;3234;impassable;0;0;
1809;3234;impassable;0;0;
1810;3234;impassable;0;0;
1811;3234;impassable;0;0;
1812;3234;impassable;0;0;
1813;3234;impassable;0;0;
1814;3234;impassable;0;0;
1815;3234;impassable;0;0;
1816;3234;impassable;0;0;
1817;3234;impassable;0;0;
1818;3234;impassable;0;0;
1819;3234;impassable;0;0;
1820;3234;impassable;0;0;
1821;3234;impassable;0;0;
1822;3234;impassable;0;0;
1823;3234;impassable;0;0;
1824;3234;impassable;0;0;
1825;3234;impassable;0;0;
1826;3234;impassable;0;0;
1827;3234;impassable;0;0;
1828;3234;impassable;0;0;
1829;3234;impassable;0;0;
1830;3234;impassable;0;0;
1831;3234;impassable;0;0;
1832;3234;impassable;0;0;
1833;3234;impassable;0;0;
1834;3234;impassable;0;0;
1835;3234;impassable;0;0;
1836;3234;impassable;0;0;
1837;3234;impassable;0;0;
1838;3234;impassable;0;0;
1839;3234;impassable;0;0;
1840;3234;impassable;0;0;
1841;3234;impassable;0;0;
1842;3234;impassable;0;0;
1843;3234;impassable;0;0;
1844;3234;impassable;0;0;
1845;3234;impassable;0;0;
1846;3234;impassable;0;0;
1847;3234;impassable;0;0;
1848;3234;impassable;0;0;
1849;3234;impassable;0;0;
1850;3234;impassable;0;0;
1851;3234;impassable;0;0;
1852;3234;impassable;0;0;
1853;3234;impassable;0;0;
1854;3234;impassable;0;0;
1855;3234;impassable;0;0;
1856;3234;impassable;0;0;
1857;3234;impassable;0;0;
1858;3234;impassable;0;0;
1859;3234;impassable;0;0;
1860;3234;impassable;0;0;
1861;3234;impassable;0;0;
1862;3234;impassable;0;0;
1863;3234;impassable;0;0;
1864;3234;impassable;0;0;
1865;3234;impassable;0;0;
1866;3234;impassable;0;0;
1867;3234;impassable;0;0;
1868;3234;impassable;0;0;
1869;3234;impassable;0;0;
1870;3234;impassable;0;0;
1871;3234;impassable;0;0;
1872;3234;impassable;0;0;
1873;3234;impassable;0;0;
1874;3234;impassable;0;0;
1875;3234;impassable;0;0;
1876;3234;impassable;0;0;
1877;3234;impassable;0;0;
1878;3234;impassable;0;0;
1879;3234;impassable;0;0;
1880;3234;impassable;0;0;
1881;3234;impassable;0;0;
1882;3234;impassable;0;0;
1883;3234;impassable;0;0;
1884;3234;impassable;0;0;
1885;3234;impassable;0;0;
1886;3234;impassable;0;0;
1887;3234;impassable;0;0;
1888;3234;impassable;0;0;
1889;3234;impassable;0;0;
1890;3234;impassable;0;0;
1891;3234;impassable;0;0;
1892;3234;impassable;0;0;
1893;3234;impassable;0;0;
1894;3234;impassable;0;0;
1895;3234;impassable;0;0;
1896;3234;impassable;0;0;
1897;3234;impassable;0;0;
1898;3234;impassable;0;0;
1899;3234;impassable;0;0;
1900;3234;impassable;0;0;
1901;3234;impassable;0;0;
1902;3234;impassable;0;0;
1903;3234;impassable;0;0;
1904;3234;impassable;0;0;
1905;3234;impassable;0;0;
1906;3234;impassable;0;0;
1907;3234;impassable;0;0;
1908;3234;impassable;0;0;
1909;3234;impassable;0;0;
1910;3234;impassable;0;0;
1911;3234;impassable;0;0;
1912;3234;impassable;0;0;
1913;3234;impassable;0;0;
1914;3234;impassable;0;0;
1915;3234;impassable;0;0;
1916;3234;impassable;0;0;
1917;3234;impassable;0;0;
1918;3234;impassable;0;0;
1919;3234;impassable;0;0;
1920;3234;impassable;0;0;
1921;3234;impassable;0;0;
1922;3234;impassable;0;0;
1923;3234;impassable;0;0;
1924;3234;impassable;0;0;
1925;3234;impassable;0;0;
1926;3234;impassable;0;0;
1927;3234;impassable;0;0;
1928;3234;impassable;0;0;
1929;3234;impassable;0;0;
1930;3234;impassable;0;0;
1931;3234;impassable;0;0;
1932;3234;impassable;0;0;
1933;3234;impassable;0;0;
1934;3234;impassable;0;0;
1935;3234;impassable;0;0;
1936;3234;impassable;0;0;
1937;3234;impassable;0;0;
1938;3234;impassable;0;0;
1939;3234;impassable;0;0;
1940;3234;impassable;0;0;
1941;3234;impassable;0;0;
1942;3234;impassable;0;0;
1943;3234;impassable;0;0;
1944;3234;impassable;0;0;
1945;3234;impassable;0;0;
1946;3234;impassable;0;0;
1947;3234;impassable;0;0;
1948;3234;impassable;0;0;
1949;3234;impassable;0;0;
1950;3234;impassable;0;0;
1951;3234;impassable;0;0;
1952;3234;impassable;0;0;
1953;3234;impassable;0;0;
1954;3234;impassable;0;0;
1955;3234;impassable;0;0;
1956;3234;impassable;0;0;
1957;3234;impassable;0;0;
1958;3234;impassable;0;0;
1959;3234;impassable;0;0;
1960;3234;impassable;0;0;
1961;3234;impassable;0;0;
1962;3234;impassable;0;0;
1963;3234;impassable;0;0;
1964;3234;impassable;0;0;
1965;3234;impassable;0;0;
1966;3234;impassable;0;0;
1967;3234;impassable;0;0;
1968;3234;impassable;0;0;
1969;3234;impassable;0;0;
1970;3234;impassable;0;0;
1971;3234;impassable;0;0;
1972;3234;impassable;0;0;
1973;3234;impassable;0;0;
1974;3234;impassable;0;0;
1975;3234;impassable;0;0;
1976;3234;impassable;0;0;
1977;3234;impassable;0;0;
1978;3234;impassable;0;0;
1979;3234;impassable;0;0;
1980;3234;impassable;0;0;
1981;3234;impassable;0;0;
1982;3234;impassable;0;0;
1983;3234;impassable;0;0;
1984;3234;impassable;0;0;
1985;3234;impassable;0;0;
1986;3234;impassable;0;0;
1987;3234;impassable;0;0;
1988;3234;impassable;0;0;
1989;3234;impassable;0;0;
1990;3234;impassable;0;0;
1991;3234;impassable;0;0;
1992;3234;impassable;0;0;
1993;3234;impassable;0;0;
1994;3234;impassable;0;0;
1995;3234;impassable;0;0;
1996;3234;impassable;0;0;
1997;3234;impassable;0;0;
1998;3234;impassable;0;0;
1999;3234;impassable;0;0;
2000;3234;impassable;0;0;
2001;3234;impassable;0;0;
2002;3234;impassable;0;0;
2003;3234;impassable;0;0;
2004;3234;impassable;0;0;
2005;3234;impassable;0;0;
2006;3234;impassable;0;0;
2007;3234;impassable;0;0;
2008;3234;impassable;0;0;
2009;3234;impassable;0;0;
2010;3234;impassable;0;0;
2011;3234;impassable;0;0;
2012;3234;impassable;0;0;
2013;3234;impassable;0;0;
2014;3234;impassable;0;0;
2015;3234;impassable;0;0;
2016;3234;impassable;0;0;
2017;3234;impassable;0;0;
2018;3234;impassable;0;0;
2019;3234;impassable;0;0;
2020;3234;impassable;0;0;
2021;3234;impassable;0;0;
2022;3234;impassable;0;0;
2023;3234;impassable;0;0;
2024;3234;impassable;0;0;
2025;3234;impassable;0;0;
2026;3234;impassable;0;0;
2027;3234;impassable;0;0;
2028;3234;impassable;0;0;
2029;3234;impassable;0;0;
2030;3234;impassable;0;0;
2031;3234;impassable;0;0;
2032;3234;impassable;0;0;
2033;3234;impassable;0;0;
2034;3234;impassable;0;0;
2035;3234;impassable;0;0;
2036;3234;impassable;0;0;
2037;3234;impassable;0;0;
2038;3234;impassable;0;0;
2039;3234;impassable;0;0;
2040;3234;impassable;0;0;
2041;3234;impassable;0;0;
2042;3234;impassable;0;0;
2043;3234;impassable;0;0;
2044;3234;impassable;0;0;
2045;3234;impassable;0;0;
2046;3234;impassable;0;0;
2047;3234;impassable;0;0;
2048;3234;impassable;0;0;
2049;3234;impassable;0;0;
2050;3234;impassable;0;0;
2051;3234;impassable;0;0;
2052;3234;impassable;0;0;
2053;3234;impassable;0;0;
2054;3234;impassable;0;0;
2055;3234;impassable;0;0;
2056;3234;impassable;0;0;
2057;3234;impassable;0;0;
2058;3234;impassable;0;0;
2059;3234;impassable;0;0;
2060;3234;impassable;0;0;
2061;3234;impassable;0;0;
2062;3234;impassable;0;0;
2063;3234;impassable;0;0;
2064;3234;impassable;0;0;
2065;3234;impassable;0;0;
2066;3234;impassable;0;0;
2067;3234;impassable;0;0;
2068;3234;impassable;0;0;
2069;3234;impassable;0;0;
2070;3234;impassable;0;0;
2071;3234;impassable;0;0;
2072;3234;impassable;0;0;
2073;3234;impassable;0;0;
2074;3234;impassable;0;0;
2075;3234;impassable;0;0;
2076;3234;impassable;0;0;
2077;3234;impassable;0;0;
2078;3234;impassable;0;0;
2079;3234;impassable;0;0;
2080;3234;impassable;0;0;
2081;3234;impassable;0;0;
2082;3234;impassable;0;0;
2083;3234;impassable;0;0;
2084;3234;impassable;0;0;
2085;3234;impassable;0;0;
2086;3234;impassable;0;0;
2087;3234;impassable;0;0;
2088;3234;impassable;0;0;
2089;3234;impassable;0;0;
2090;3234;impassable;0;0;
2091;3234;impassable;0;0;
2092;3234;impassable;0;0;
2093;3234;impassable;0;0;
2094;3234;impassable;0;0;
2095;3234;impassable;0;0;
2096;3234;impassable;0;0;
2097;3234;impassable;0;0;
2098;3234;impassable;0;0;
2099;3234;impassable;0;0;
2100;3234;impassable;0;0;
2101;3234;impassable;0;0;
2102;3234;impassable;0;0;
2103;3234;impassable;0;0;
2104;3234;impassable;0;0;
2105;3234;impassable;0;0;
2106;3234;impassable;0;0;
2107;3234;impassable;0;0;
2108;3234;impassable;0;0;
2109;3234;impassable;0;0;
2110;3234;impassable;0;0;
2111;3234;impassable;0;0;
2112;3234;impassable;0;0;
2113;3234;impassable;0;0;
2114;3234;impassable;0;0;
2115;3234;impassable;0;0;
2116;3234;impassable;0;0;
2117;3234;impassable;0;0;
2118;3234;impassable;0;0;
2119;3234;impassable;0;0;
2120;3234;impassable;0;0;
2121;3234;impassable;0;0;
2122;3234;impassable;0;0;
2123;3234;impassable;0;0;
2124;3234;impassable;0;0;
2125;3234;impassable;0;0;
2126;3234;impassable;0;0;
2127;3234;impassable;0;0;
2128;3234;impassable;0;0;
2129;3234;impassable;0;0;
2130;3234;impassable;0;0;
2131;3234;impassable;0;0;
2132;3234;impassable;0;0;
2133;3234;impassable;0;0;
2134;3234;impassable;0;0;
2135;3234;impassable;0;0;
2136;3234;impassable;0;0;
2137;3234;impassable;0;0;
2138;3234;impassable;0;0;
2139;3234;impassable;0;0;
2140;3234;impassable;0;0;
2141;3234;impassable;0;0;
2142;3234;impassable;0;0;
2143;3234;impassable;0;0;
2144;3234;impassable;0;0;
2145;3234;impassable;0;0;
2146;3234;impassable;0;0;
2147;3234;impassable;0;0;
2148;3234;impassable;0;0;
2149;3234;impassable;0;0;
2150;3234;impassable;0;0;
2151;3234;impassable;0;0;
2152;3234;impassable;0;0;
2153;3234;impassable;0;0;
2154;3234;impassable;0;0;
2155;3234;impassable;0;0;
2156;3234;impassable;0;0;
2157;3234;impassable;0;0;
2158;3234;impassable;0;0;
2159;3234;impassable;0;0;
2160;3234;impassable;0;0;
2161;3234;impassable;0;0;
2162;3234;impassable;0;0;
2163;3234;impassable;0;0;
2164;3234;impassable;0;0;
2165;3234;impassable;0;0;
2166;3234;impassable;0;0;
2167;3234;impassable;0;0;
2168;3234;impassable;0;0;
2169;3234;impassable;0;0;
2170;3234;impassable;0;0;
2171;3234;impassable;0;0;
2172;3234;impassable;0;0;
2173;3234;impassable;0;0;
2174;3234;impassable;0;0;
2175;3234;impassable;0;0;
2176;3234;impassable;0;0;
2177;3234;impassable;0;0;
2178;3234;impassable;0;0;
2179;3234;impassable;0;0;
2180;3234;impassable;0;0;
2181;3234;impassable;0;0;
2182;3234;impassable;0;0;
2183;3234;impassable;0;0;
2184;3234;impassable;0;0;
2185;3234;impassable;0;0;
2186;3234;impassable;0;0;
2187;3234;impassable;0;0;
2188;3234;impassable;0;0;
2189;3234;impassable;0;0;
2190;3234;impassable;0;0;
2191;3234;impassable;0;0;
2192;3234;impassable;0;0;
2193;3234;impassable;0;0;
2194;3234;impassable;0;0;
2195;3234;impassable;0;0;
2196;3234;impassable;0;0;
2197;3234;impassable;0;0;
2198;3234;impassable;0;0;
2199;3234;impassable;0;0;
2200;3234;impassable;0;0;
2201;3234;impassable;0;0;
2202;3234;impassable;0;0;
2203;3234;impassable;0;0;
2204;3234;impassable;0;0;
2205;3234;impassable;0;0;
2206;3234;impassable;0;0;
2207;3234;impassable;0;0;
2208;3234;impassable;0;0;
2209;3234;impassable;0;0;
2210;3234;impassable;0;0;
2211;3234;impassable;0;0;
2212;3234;impassable;0;0;
2213;3234;impassable;0;0;
2214;3234;impassable;0;0;
2215;3234;impassable;0;0;
2216;3234;impassable;0;0;
2217;3234;impassable;0;0;
2218;3234;impassable;0;0;
2219;3234;impassable;0;0;
2220;3234;impassable;0;0;
2221;3234;impassable;0;0;
2222;3234;impassable;0;0;
2223;3234;impassable;0;0;
2224;3234;impassable;0;0;
2225;3234;impassable;0;0;
2226;3234;impassable;0;0;
2227;3234;impassable;0;0;
2228;3234;impassable;0;0;
2229;3234;impassable;0;0;
2230;3234;impassable;0;0;
2231;3234;impassable;0;0;
2232;3234;impassable;0;0;
2233;3234;impassable;0;0;
2234;3234;impassable;0;0;
2235;3234;impassable;0;0;
2236;3234;impassable;0;0;
2237;3234;impassable;0;0;
2238;3234;impassable;0;0;
2239;3234;impassable;0;0;
2240;3234;impassable;0;0;
2241;3234;impassable;0;0;
2242;3234;impassable;0;0;
2243;3234;impassable;0;0;
2244;3234;impassable;0;0;
2245;3234;impassable;0;0;
2246;3234;impassable;0;0;
2247;3234;impassable;0;0;
2248;3234;impassable;0;0;
2249;3234;impassable;0;0;
2250;3234;impassable;0;0;
2251;3234;impassable;0;0;
2252;3234;impassable;0;0;
2253;3234;impassable;0;0;
2254;3234;impassable;0;0;
2255;3234;impassable;0;0;
2256;3234;impassable;0;0;
2257;3234;impassable;0;0;
2258;3234;impassable;0;0;
2259;3234;impassable;0;0;
2260;3234;impassable;0;0;
2261;3234;impassable;0;0;
2262;3234;impassable;0;0;
2263;3234;impassable;0;0;
2264;3234;impassable;0;0;
2265;3234;impassable;0;0;
2266;3234;impassable;0;0;
2267;3234;impassable;0;0;
2268;3234;impassable;0;0;
2269;3234;impassable;0;0;
2270;3234;impassable;0;0;
2271;3234;impassable;0;0;
2272;3234;impassable;0;0;
2273;3234;impassable;0;0;
2274;3234;impassable;0;0;
2275;3234;impassable;0;0;
2276;3234;impassable;0;0;
2277;3234;impassable;0;0;
2278;3234;impassable;0;0;
2279;3234;impassable;0;0;
2280;3234;impassable;0;0;
2281;3234;impassable;0;0;
2282;3234;impassable;0;0;
2283;3234;impassable;0;0;
2284;3234;impassable;0;0;
2285;3234;impassable;0;0;
2286;3234;impassable;0;0;
2287;3234;impassable;0;0;
2288;3234;impassable;0;0;
2289;3234;impassable;0;0;
2290;3234;impassable;0;0;
2291;3234;impassable;0;0;
2292;3234;impassable;0;0;
2293;3234;impassable;0;0;
2294;3234;impassable;0;0;
2295;3234;impassable;0;0;
2296;3234;impassable;0;0;
2297;3234;impassable;0;0;
2298;3234;impassable;0;0;
2299;3234;impassable;0;0;
2300;3234;impassable;0;0;
2301;3234;impassable;0;0;
2302;3234;impassable;0;0;
2303;3234;impassable;0;0;
2304;3234;impassable;0;0;
2305;3234;impassable;0;0;
2306;3234;impassable;0;0;
2307;3234;impassable;0;0;
2308;3234;impassable;0;0;
2309;3234;impassable;0;0;
2310;3234;impassable;0;0;
2311;3234;impassable;0;0;
2312;3234;impassable;0;0;
2313;3234;impassable;0;0;
2314;3234;impassable;0;0;
2315;3234;impassable;0;0;
2316;3234;impassable;0;0;
2317;3234;impassable;0;0;
2318;3234;impassable;0;0;
2319;3234;impassable;0;0;
2320;3234;impassable;0;0;
2321;3234;impassable;0;0;
2322;3234;impassable;0;0;
2323;3234;impassable;0;0;
2324;3234;impassable;0;0;
2325;3234;impassable;0;0;
2326;3234;impassable;0;0;
2327;3234;impassable;0;0;
2328;3234;impassable;0;0;
2329;3234;impassable;0;0;
2330;3234;impassable;0;0;
2331;3234;impassable;0;0;
2332;3234;impassable;0;0;
2333;3234;impassable;0;0;
2334;3234;impassable;0;0;
2335;3234;impassable;0;0;
2336;3234;impassable;0;0;
2337;3234;impassable;0;0;
2338;3234;impassable;0;0;
2339;3234;impassable;0;0;
2340;3234;impassable;0;0;
2341;3234;impassable;0;0;
2342;3234;impassable;0;0;
2343;3234;impassable;0;0;
2344;3234;impassable;0;0;
2345;3234;impassable;0;0;
2346;3234;impassable;0;0;
2347;3234;impassable;0;0;
2348;3234;impassable;0;0;
2349;3234;impassable;0;0;
2350;3234;impassable;0;0;
2351;3234;impassable;0;0;
2352;3234;impassable;0;0;
2353;3234;impassable;0;0;
2354;3234;impassable;0;0;
2355;3234;impassable;0;0;
2356;3234;impassable;0;0;
2357;3234;impassable;0;0;
2358;3234;impassable;0;0;
2359;3234;impassable;0;0;
2360;3234;impassable;0;0;
2361;3234;impassable;0;0;
2362;3234;impassable;0;0;
2363;3234;impassable;0;0;
2364;3234;impassable;0;0;
2365;3234;impassable;0;0;
2366;3234;impassable;0;0;
2367;3234;impassable;0;0;
2368;3234;impassable;0;0;
2369;3234;impassable;0;0;
2370;3234;impassable;0;0;
2371;3234;impassable;0;0;
2372;3234;impassable;0;0;
2373;3234;impassable;0;0;
2374;3234;impassable;0;0;
2375;3234;impassable;0;0;
2376;3234;impassable;0;0;
2377;3234;impassable;0;0;
2378;3234;impassable;0;0;
2379;3234;impassable;0;0;
2380;3234;impassable;0;0;
2381;3234;impassable;0;0;
2382;3234;impassable;0;0;
2383;3234;impassable;0;0;
2384;3234;impassable;0;0;
2385;3234;impassable;0;0;
2386;3234;impassable;0;0;
2387;3234;impassable;0;0;
2388;3234;impassable;0;0;
2389;3234;impassable;0;0;
2390;3234;impassable;0;0;
2391;3234;impassable;0;0;
2392;3234;impassable;0;0;
2393;3234;impassable;0;0;
2394;3234;impassable;0;0;
2395;3234;impassable;0;0;
2396;3234;impassable;0;0;
2397;3234;impassable;0;0;
2398;3234;impassable;0;0;
2399;3234;impassable;0;0;
2400;3234;impassable;0;0;
2401;3234;impassable;0;0;
2402;3234;impassable;0;0;
2403;3234;impassable;0;0;
2404;3234;impassable;0;0;
2405;3234;impassable;0;0;
2406;3234;impassable;0;0;
2407;3234;impassable;0;0;
2408;3234;impassable;0;0;
2409;3234;impassable;0;0;
2410;3234;impassable;0;0;
2411;3234;impassable;0;0;
2412;3234;impassable;0;0;
2413;3234;impassable;0;0;
2414;3234;impassable;0;0;
2415;3234;impassable;0;0;
2416;3234;impassable;0;0;
2417;3234;impassable;0;0;
2418;3234;impassable;0;0;
2419;3234;impassable;0;0;
2420;3234;impassable;0;0;
2421;3234;impassable;0;0;
2422;3234;impassable;0;0;
2423;3234;impassable;0;0;
2424;3234;impassable;0;0;
2425;3234;impassable;0;0;
2426;3234;impassable;0;0;
2427;3234;impassable;0;0;
2428;3234;impassable;0;0;
2429;3234;impassable;0;0;
2430;3234;impassable;0;0;
2431;3234;impassable;0;0;
2432;3234;impassable;0;0;
2433;3234;impassable;0;0;
2434;3234;impassable;0;0;
2435;3234;impassable;0;0;
2436;3234;impassable;0;0;
2437;3234;impassable;0;0;
2438;3234;impassable;0;0;
2439;3234;impassable;0;0;
2440;3234;impassable;0;0;
2441;3234;impassable;0;0;
2442;3234;impassable;0;0;
2443;3234;impassable;0;0;
2444;3234;impassable;0;0;
2445;3234;impassable;0;0;
2446;3234;impassable;0;0;
2447;3234;impassable;0;0;
2448;3234;impassable;0;0;
2449;3234;impassable;0;0;
2450;3234;impassable;0;0;
2451;3234;impassable;0;0;
2452;3234;impassable;0;0;
2453;3234;impassable;0;0;
2454;3234;impassable;0;0;
2455;3234;impassable;0;0;
2456;3234;impassable;0;0;
2457;3234;impassable;0;0;
2458;3234;impassable;0;0;
2459;3234;impassable;0;0;
2460;3234;impassable;0;0;
2461;3234;impassable;0;0;
2462;3234;impassable;0;0;
2463;3234;impassable;0;0;
2464;3234;impassable;0;0;
2465;3234;impassable;0;0;
2466;3234;impassable;0;0;
2467;3234;impassable;0;0;
2468;3234;impassable;0;0;
2469;3234;impassable;0;0;
2470;3234;impassable;0;0;
2471;3234;impassable;0;0;
2472;3234;impassable;0;0;
2473;3234;impassable;0;0;
2474;3234;impassable;0;0;
2475;3234;impassable;0;0;
2476;3234;impassable;0;0;
2477;3234;impassable;0;0;
2478;3234;impassable;0;0;
2479;3234;impassable;0;0;
2480;3234;impassable;0;0;
2481;3234;impassable;0;0;
2482;3234;impassable;0;0;
2483;3234;impassable;0;0;
2484;3234;impassable;0;0;
2485;3234;impassable;0;0;
2486;3234;impassable;0;0;
2487;3234;impassable;0;0;
2488;3234;impassable;0;0;
2489;3234;impassable;0;0;
2490;3234;impassable;0;0;
2491;3234;impassable;0;0;
2492;3234;impassable;0;0;
2493;3234;impassable;0;0;
2494;3234;impassable;0;0;
2495;3234;impassable;0;0;
2496;3234;impassable;0;0;
2497;3234;impassable;0;0;
2498;3234;impassable;0;0;
2499;3234;impassable;0;0;
2500;3234;impassable;0;0;
2501;3234;impassable;0;0;
2502;3234;impassable;0;0;
2503;3234;impassable;0;0;
2504;3234;impassable;0;0;
2505;3234;impassable;0;0;
2506;3234;impassable;0;0;
2507;3234;impassable;0;0;
2508;3234;impassable;0;0;
2509;3234;impassable;0;0;
2510;3234;impassable;0;0;
2511;3234;impassable;0;0;
2512;3234;impassable;0;0;
2513;3234;impassable;0;0;
2514;3234;impassable;0;0;
2515;3234;impassable;0;0;
2516;3234;impassable;0;0;
2517;3234;impassable;0;0;
2518;3234;impassable;0;0;
2519;3234;impassable;0;0;
2520;3234;impassable;0;0;
2521;3234;impassable;0;0;
2522;3234;impassable;0;0;
2523;3234;impassable;0;0;
2524;3234;impassable;0;0;
2525;3234;impassable;0;0;
2526;3234;impassable;0;0;
2527;3234;impassable;0;0;
2528;3234;impassable;0;0;
2529;3234;impassable;0;0;
2530;3234;impassable;0;0;
2531;3234;impassable;0;0;
2532;3234;impassable;0;0;
2533;3234;impassable;0;0;
2534;3234;impassable;0;0;
2535;3234;impassable;0;0;
2536;3234;impassable;0;0;
2537;3234;impassable;0;0;
2538;3234;impassable;0;0;
2539;3234;impassable;0;0;
2540;3234;impassable;0;0;
2541;3234;impassable;0;0;
2542;3234;impassable;0;0;
2543;3234;impassable;0;0;
2544;3234;impassable;0;0;
2545;3234;impassable;0;0;
2546;3234;impassable;0;0;
2547;3234;impassable;0;0;
2548;3234;impassable;0;0;
2549;3234;impassable;0;0;
2550;3234;impassable;0;0;
2551;3234;impassable;0;0;
2552;3234;impassable;0;0;
2553;3234;impassable;0;0;
2554;3234;impassable;0;0;
2555;3234;impassable;0;0;
2556;3234;impassable;0;0;
2557;3234;impassable;0;0;
2558;3234;impassable;0;0;
2559;3234;impassable;0;0;
2560;3234;impassable;0;0;
2561;3234;impassable;0;0;
2562;3234;impassable;0;0;
2563;3234;impassable;0;0;
2564;3234;impassable;0;0;
2565;3234;impassable;0;0;
2566;3234;impassable;0;0;
2567;3234;impassable;0;0;
2568;3234;impassable;0;0;
2569;3234;impassable;0;0;
2570;3234;impassable;0;0;
2571;3234;impassable;0;0;
2572;3234;impassable;0;0;
2573;3234;impassable;0;0;
2574;3234;impassable;0;0;
2575;3234;impassable;0;0;
2576;3234;impassable;0;0;
2577;3234;impassable;0;0;
2578;3234;impassable;0;0;
2579;3234;impassable;0;0;
2580;3234;impassable;0;0;
2581;3234;impassable;0;0;
2582;3234;impassable;0;0;
2583;3234;impassable;0;0;
2584;3234;impassable;0;0;
2585;3234;impassable;0;0;
2586;3234;impassable;0;0;
2587;3234;impassable;0;0;
2588;3234;impassable;0;0;
2589;3234;impassable;0;0;
2590;3234;impassable;0;0;
2591;3234;impassable;0;0;
2592;3234;impassable;0;0;
2593;3234;impassable;0;0;
2594;3234;impassable;0;0;
2595;3234;impassable;0;0;
2596;3234;impassable;0;0;
2597;3234;impassable;0;0;
2598;3234;impassable;0;0;
2599;3234;impassable;0;0;
2600;3234;impassable;0;0;
2601;3234;impassable;0;0;
2602;3234;impassable;0;0;
2603;3234;impassable;0;0;
2604;3234;impassable;0;0;
2605;3234;impassable;0;0;
2606;3234;impassable;0;0;
2607;3234;impassable;0;0;
2608;3234;impassable;0;0;
2609;3234;impassable;0;0;
2610;3234;impassable;0;0;
2611;3234;impassable;0;0;
2612;3234;impassable;0;0;
2613;3234;impassable;0;0;
2614;3234;impassable;0;0;
2615;3234;impassable;0;0;
2616;3234;impassable;0;0;
2617;3234;impassable;0;0;
2618;3234;impassable;0;0;
2619;3234;impassable;0;0;
2620;3234;impassable;0;0;
2621;3234;impassable;0;0;
2622;3234;impassable;0;0;
2623;3234;impassable;0;0;
2624;3234;impassable;0;0;
2625;3234;impassable;0;0;
2626;3234;impassable;0;0;
2627;3234;impassable;0;0;
2628;3234;impassable;0;0;
2629;3234;impassable;0;0;
2630;3234;impassable;0;0;
2631;3234;impassable;0;0;
2632;3234;impassable;0;0;
2633;3234;impassable;0;0;
2634;3234;impassable;0;0;
2635;3234;impassable;0;0;
2636;3234;impassable;0;0;
2637;3234;impassable;0;0;
2638;3234;impassable;0;0;
2639;3234;impassable;0;0;
2640;3234;impassable;0;0;
2641;3234;impassable;0;0;
2642;3234;impassable;0;0;
2643;3234;impassable;0;0;
2644;3234;impassable;0;0;
2645;3234;impassable;0;0;
2646;3234;impassable;0;0;
2647;3234;impassable;0;0;
2648;3234;impassable;0;0;
2649;3234;impassable;0;0;
2650;3234;impassable;0;0;
2651;3234;impassable;0;0;
2652;3234;impassable;0;0;
2653;3234;impassable;0;0;
2654;3234;impassable;0;0;
2655;3234;impassable;0;0;
2656;3234;impassable;0;0;
2657;3234;impassable;0;0;
2658;3234;impassable;0;0;
2659;3234;impassable;0;0;
2660;3234;impassable;0;0;
2661;3234;impassable;0;0;
2662;3234;impassable;0;0;
2663;3234;impassable;0;0;
2664;3234;impassable;0;0;
2665;3234;impassable;0;0;
2666;3234;impassable;0;0;
2667;3234;impassable;0;0;
2668;3234;impassable;0;0;
2669;3234;impassable;0;0;
2670;3234;impassable;0;0;
2671;3234;impassable;0;0;
2672;3234;impassable;0;0;
2673;3234;impassable;0;0;
2674;3234;impassable;0;0;
2675;3234;impassable;0;0;
2676;3234;impassable;0;0;
2677;3234;impassable;0;0;
2678;3234;impassable;0;0;
2679;3234;impassable;0;0;
2680;3234;impassable;0;0;
2681;3234;impassable;0;0;
2682;3234;impassable;0;0;
2683;3234;impassable;0;0;
2684;3234;impassable;0;0;
2685;3234;impassable;0;0;
2686;3234;impassable;0;0;
2687;3234;impassable;0;0;
2688;3234;impassable;0;0;
2689;3234;impassable;0;0;
2690;3234;impassable;0;0;
2691;3234;impassable;0;0;
2692;3234;impassable;0;0;
2693;3234;impassable;0;0;
2694;3234;impassable;0;0;
2695;3234;impassable;0;0;
2696;3234;impassable;0;0;
2697;3234;impassable;0;0;
2698;3234;impassable;0;0;
2699;3234;impassable;0;0;
2700;3234;impassable;0;0;
2701;3234;impassable;0;0;
2702;3234;impassable;0;0;
3246;3234;impassable;0;0;
3249;3234;impassable;0;0;
3250;3234;impassable;0;0;
3251;3234;impassable;0;0;
3252;3234;impassable;0;0;
3253;3234;impassable;0;0;
3254;3234;impassable;0;0;
3255;3234;impassable;0;0;
3256;3234;impassable;0;0;
3257;3234;impassable;0;0;
3258;3234;impassable;0;0;
3259;3234;impassable;0;0;
3260;3234;impassable;0;0;
3261;3234;impassable;0;0;
3262;3234;impassable;0;0;
3263;3234;impassable;0;0;
3264;3234;impassable;0;0;
3265;3234;impassable;0;0;
3266;3234;impassable;0;0;
3267;3234;impassable;0;0;
3268;3234;impassable;0;0;
3269;3234;impassable;0;0;
3270;3234;impassable;0;0;
3271;3234;impassable;0;0;
3272;3234;impassable;0;0;
3273;3234;impassable;0;0;
3274;3234;impassable;0;0;
3276;3234;impassable;0;0;
3277;3234;impassable;0;0;
3278;3234;impassable;0;0;
3279;3234;impassable;0;0;
3280;3234;impassable;0;0;
3281;3234;impassable;0;0;
3282;3234;impassable;0;0;
3283;3234;impassable;0;0;
3284;3234;impassable;0;0;
3285;3234;impassable;0;0;
3286;3234;impassable;0;0;
3287;3234;impassable;0;0;
3288;3234;impassable;0;0;
3289;3234;impassable;0;0;
3290;3234;impassable;0;0;
3291;3234;impassable;0;0;
3292;3234;impassable;0;0;
3293;3234;impassable;0;0;
3294;3234;impassable;0;0;
3295;3234;impassable;0;0;
3296;3234;impassable;0;0;
